{"stats":{"minecraft:killed_by":{"spore:inf_player":2,"minecraft:player":1,"minecraft:skeleton":1},"minecraft:killed":{"minecraft:pig":7,"minecraft:iron_golem":1,"minecraft:sheep":3,"minecraft:zombie":1,"iceandfire:ghost":1,"minecraft:chicken":1,"minecraft:cow":8},"minecraft:dropped":{"biomesoplenty:jacaranda_sapling":1,"minecraft:wheat_seeds":6,"biomesoplenty:lavender":2,"minecraft:poppy":2,"minecraft:oak_sapling":1,"biomesoplenty:tall_lavender":2},"minecraft:crafted":{"minecraft:oak_planks":20,"minecraft:stone_shovel":1,"biomesoplenty:jacaranda_planks":36,"minecraft:cooked_porkchop":14,"minecraft:crafting_table":4,"minecraft:wooden_pickaxe":2,"minecraft:furnace":1,"minecraft:air":0,"minecraft:stick":8,"minecraft:wooden_axe":3},"minecraft:custom":{"minecraft:interact_with_furnace":8,"minecraft:mob_kills":22,"minecraft:interact_with_crafting_table":7,"minecraft:leave_game":4,"minecraft:time_since_death":10543,"minecraft:climb_one_cm":645,"minecraft:time_since_rest":10616,"minecraft:sprint_one_cm":75178,"minecraft:damage_taken":1213,"minecraft:walk_one_cm":44778,"minecraft:trigger_trapped_chest":1,"minecraft:drop":7,"minecraft:damage_dealt":3275,"minecraft:swim_one_cm":1202,"minecraft:fly_one_cm":212090,"minecraft:player_kills":1,"minecraft:open_chest":1,"minecraft:crouch_one_cm":1344,"minecraft:play_time":26331,"minecraft:deaths":4,"minecraft:sneak_time":794,"minecraft:walk_under_water_one_cm":347,"minecraft:jump":948,"minecraft:walk_on_water_one_cm":1543,"minecraft:total_world_time":26331,"minecraft:fall_one_cm":39487},"minecraft:used":{"minecraft:stone_shovel":17,"minecraft:wooden_pickaxe":12,"biomesoplenty:lavender":10,"minecraft:dirt":6,"minecraft:crafting_table":5,"biomesoplenty:jacaranda_planks":4,"minecraft:wooden_axe":120,"minecraft:apple":1,"minecraft:iron_boots":1,"minecraft:furnace":1,"minecraft:cooked_porkchop":3},"minecraft:mined":{"biomesoplenty:jacaranda_leaves":1,"minecraft:white_bed":1,"iceandfire:graveyard_soil":2,"minecraft:crafting_table":2,"biomesoplenty:bush":2,"minecraft:grass_block":4,"biomesoplenty:high_grass_plant":18,"minecraft:tall_grass":4,"biomesoplenty:jacaranda_log":10,"biomesoplenty:tall_lavender":3,"minecraft:furnace":1,"biomesoplenty:lavender":23,"minecraft:wither_rose":1,"minecraft:grass":23,"minecraft:oak_log":20,"biomesoplenty:high_grass":14,"minecraft:dirt":9,"minecraft:stone":9,"minecraft:oak_leaves":2,"minecraft:fern":1},"minecraft:picked_up":{"biomesoplenty:lavender":19,"minecraft:crafting_table":1,"minecraft:chicken":1,"minecraft:leather":7,"minecraft:wither_rose":1,"biomesoplenty:jacaranda_sapling":1,"minecraft:oak_log":39,"biomesoplenty:jacaranda_planks":7,"minecraft:dirt":12,"biomesoplenty:tall_lavender":2,"minecraft:apple":1,"iceandfire:graveyard_soil":2,"minecraft:wheat_seeds":9,"minecraft:beef":15,"minecraft:iron_ingot":7,"minecraft:poppy":2,"minecraft:iron_boots":1,"minecraft:furnace":1,"minecraft:stick":6,"minecraft:porkchop":14,"minecraft:white_bed":1,"minecraft:rotten_flesh":2,"biomesoplenty:jacaranda_log":9,"minecraft:granite":4,"minecraft:oak_sapling":4,"minecraft:mutton":4,"minecraft:white_wool":3,"minecraft:cobblestone":9},"minecraft:broken":{"minecraft:wooden_axe":2}},"DataVersion":3465}