{"stats":{"minecraft:mined":{"spore:fungal_roots":14,"minecraft:white_bed":3,"spore:wall_growths_big":113,"iceandfire:graveyard_soil":2,"iceandfire:silver_ore":5,"spore:wall_growths":89,"minecraft:cobblestone_stairs":1,"minecraft:dark_oak_log":3,"minecraft:purple_candle":1,"cataclysm:stone_tile_stairs":1,"cataclysm:stone_pillar":1,"biomesoplenty:bush":53,"minecraft:allium":1,"minecraft:grass_block":14,"minecraft:stone_brick_wall":1,"spore:fungal_stem":38,"spore:rooted_biomass":3,"spore:growths_small":54,"minecraft:chiseled_stone_bricks":2,"spore:mycelium_veins":8,"biomesoplenty:jacaranda_log":10,"biomesoplenty:tall_lavender":3,"minecraft:furnace":3,"spore:blomfung":32,"minecraft:fire":1,"spore:infested_stone":52,"biomesoplenty:lavender":81,"minecraft:andesite":5,"evilcraft:dark_ore":1,"spore:growth_mycelium":74,"spore:organite":1,"minecraft:bookshelf":28,"biomesoplenty:high_grass":14,"minecraft:cobblestone_slab":1,"minecraft:vine":6,"minecraft:oak_stairs":2,"minecraft:stone":30,"sophisticatedbackpacks:backpack":2,"biomesoplenty:jacaranda_leaves":1,"minecraft:quartz_block":4,"minecraft:stone_brick_slab":2,"spore:growths_big":57,"minecraft:crafting_table":2,"minecraft:dark_oak_wood":5,"minecraft:polished_andesite_stairs":2,"minecraft:rose_bush":2,"minecraft:stone_slab":1,"biomesoplenty:high_grass_plant":20,"minecraft:smooth_quartz_slab":4,"minecraft:copper_ore":16,"minecraft:tall_grass":12,"minecraft:cobblestone":25,"spore:biomass_block":2,"biomesoplenty:sprout":2,"minecraft:oak_planks":5,"minecraft:sugar_cane":3,"minecraft:amethyst_block":5,"spore:fungal_stem_sapling":1,"minecraft:coarse_dirt":4,"minecraft:cobblestone_wall":4,"spore:bloomfung2":86,"minecraft:stone_brick_stairs":3,"minecraft:wither_rose":1,"spore:fungal_stem_top":24,"minecraft:grass":74,"minecraft:oak_log":52,"minecraft:coal_ore":24,"minecraft:smooth_quartz":12,"minecraft:dirt":34,"minecraft:cobweb":18,"minecraft:stone_bricks":60,"minecraft:netherrack":1,"minecraft:oak_leaves":2,"minecraft:fern":4},"minecraft:custom":{"minecraft:mob_kills":58,"minecraft:interact_with_crafting_table":23,"minecraft:open_barrel":2,"minecraft:bell_ring":1,"minecraft:leave_game":8,"minecraft:time_since_death":2116,"minecraft:climb_one_cm":1134,"minecraft:sprint_one_cm":319981,"minecraft:walk_one_cm":190267,"minecraft:drop":52,"minecraft:play_time":133314,"minecraft:sneak_time":7101,"minecraft:deaths":7,"minecraft:walk_under_water_one_cm":24120,"minecraft:boat_one_cm":103388,"minecraft:jump":3636,"minecraft:walk_on_water_one_cm":29134,"minecraft:total_world_time":133314,"minecraft:interact_with_furnace":38,"minecraft:sleep_in_bed":4,"minecraft:time_since_rest":2146,"minecraft:damage_taken":2147483647,"minecraft:trigger_trapped_chest":2,"minecraft:damage_dealt":9581,"minecraft:player_kills":1,"minecraft:swim_one_cm":78331,"minecraft:fly_one_cm":787870,"minecraft:open_chest":11,"minecraft:crouch_one_cm":23387,"minecraft:fall_one_cm":120491},"minecraft:used":{"minecraft:stone_shovel":54,"minecraft:poppy":2,"minecraft:stone":1,"minecraft:iron_sword":99,"minecraft:netherrack":1,"minecraft:dirt":19,"minecraft:cobblestone_wall":1,"minecraft:allium":2,"minecraft:stone_brick_slab":2,"minecraft:wooden_axe":120,"minecraft:iron_axe":115,"minecraft:oak_stairs":2,"minecraft:polished_andesite_stairs":2,"minecraft:iron_boots":1,"minecraft:stone_bricks":12,"minecraft:bamboo":2,"minecraft:furnace":4,"minecraft:cooked_beef":20,"minecraft:egg":1,"minecraft:cooked_mutton":9,"minecraft:cobblestone_stairs":1,"minecraft:oak_planks":12,"minecraft:wooden_pickaxe":32,"biomesoplenty:lavender":11,"minecraft:cobblestone_slab":1,"minecraft:crafting_table":8,"minecraft:white_bed":5,"biomesoplenty:jacaranda_planks":4,"sophisticatedbackpacks:backpack":3,"minecraft:apple":9,"minecraft:iron_pickaxe":287,"minecraft:stone_slab":2,"minecraft:chiseled_stone_bricks":2,"minecraft:cobblestone":29,"minecraft:cooked_porkchop":14,"minecraft:andesite":1,"minecraft:oak_boat":2},"minecraft:killed_by":{"minecraft:player":2,"iceandfire:siren":1,"spore:inf_player":3,"minecraft:skeleton":1},"minecraft:picked_up":{"minecraft:crafting_table":1,"minecraft:allium":2,"cataclysm:stone_tile_stairs":1,"minecraft:chicken":2,"minecraft:stone_slab":2,"minecraft:oak_stairs":2,"minecraft:stone_brick_wall":1,"minecraft:wither_rose":1,"biomesoplenty:jacaranda_sapling":1,"minecraft:stone_brick_stairs":3,"minecraft:amethyst_block":4,"minecraft:string":17,"minecraft:raw_copper":100,"minecraft:iron_axe":1,"biomesoplenty:tall_lavender":2,"iceandfire:graveyard_soil":2,"comforts:sleeping_bag_white":1,"minecraft:beef":48,"minecraft:rose_bush":1,"minecraft:cobblestone_slab":1,"minecraft:poppy":6,"minecraft:smooth_quartz":9,"minecraft:sugar_cane":6,"minecraft:furnace":3,"minecraft:iron_boots":1,"minecraft:egg":3,"minecraft:golden_helmet":1,"minecraft:stick":14,"spore:tumor":1,"minecraft:stone":4,"minecraft:copper_ingot":2,"sophisticatedbackpacks:backpack":2,"minecraft:porkchop":14,"minecraft:dark_oak_planks":10,"minecraft:arrow":4,"minecraft:rotten_flesh":2,"biomesoplenty:jacaranda_log":9,"minecraft:mutton":18,"cataclysm:stone_pillar":1,"minecraft:white_wool":11,"minecraft:cobblestone":57,"biomesoplenty:lavender":54,"minecraft:lilac":1,"minecraft:andesite":5,"minecraft:leather":21,"minecraft:filled_map":3,"minecraft:oak_log":74,"biomesoplenty:jacaranda_planks":7,"minecraft:cobblestone_wall":3,"minecraft:cobblestone_stairs":2,"minecraft:dirt":37,"minecraft:cooked_mutton":9,"minecraft:bone":3,"minecraft:apple":65,"minecraft:stone_bricks":51,"minecraft:wheat_seeds":14,"minecraft:iron_ingot":11,"spore:spine":2,"spore:mutated_fiber":9,"spore:biomass_block":9,"minecraft:iron_sword":2,"minecraft:oak_planks":42,"minecraft:book":84,"minecraft:polished_andesite_stairs":2,"minecraft:cooked_porkchop":1,"minecraft:chiseled_stone_bricks":2,"minecraft:stone_brick_slab":2,"spore:armor_fragment":21,"minecraft:white_bed":4,"minecraft:dark_oak_log":3,"spore:claw_fragment":17,"evilcraft:dark_gem":5,"minecraft:granite":4,"minecraft:smooth_quartz_slab":5,"minecraft:dark_oak_wood":5,"minecraft:oak_sapling":16,"minecraft:netherrack":1,"minecraft:black_wool":2,"minecraft:coal":24,"iceandfire:raw_silver":4},"minecraft:killed":{"minecraft:spider":1,"spore:leaper":1,"minecraft:chicken":1,"minecraft:pig":7,"minecraft:iron_golem":1,"minecraft:sheep":13,"spore:inf_villager":2,"spore:mound":1,"minecraft:zombie":1,"iceandfire:ghost":2,"monsterplus:overgrown_skeleton":2,"spore:knight":1,"minecraft:cow":25},"minecraft:crafted":{"minecraft:oak_planks":84,"minecraft:stone_shovel":1,"minecraft:furnace":1,"iceandfire:armor_copper_metal_leggings":1,"iceandfire:armor_copper_metal_helmet":1,"iceandfire:armor_copper_metal_boots":1,"minecraft:iron_axe":1,"iceandfire:armor_copper_metal_chestplate":1,"minecraft:chest":2,"minecraft:dark_oak_planks":32,"minecraft:cooked_beef":30,"sophisticatedbackpacks:backpack":2,"biomesoplenty:jacaranda_planks":36,"minecraft:cooked_porkchop":14,"minecraft:crafting_table":7,"minecraft:wooden_pickaxe":2,"minecraft:iron_sword":1,"minecraft:copper_ingot":28,"minecraft:air":0,"minecraft:oak_boat":2,"minecraft:stick":16,"minecraft:iron_pickaxe":1,"minecraft:wooden_axe":3,"minecraft:white_bed":1},"minecraft:broken":{"minecraft:iron_chestplate":1,"minecraft:iron_leggings":1,"minecraft:wooden_axe":2},"minecraft:dropped":{"minecraft:iron_sword":2,"spore:spine":2,"biomesoplenty:jacaranda_sapling":1,"minecraft:wheat_seeds":12,"spore:biomass_block":9,"minecraft:cooked_beef":10,"minecraft:lilac":1,"vampirism:vampire_book":2,"biomesoplenty:lavender":10,"minecraft:cobblestone":1,"minecraft:apple":19,"biomesoplenty:jacaranda_planks":7,"minecraft:cobblestone_stairs":1,"iceandfire:graveyard_soil":2,"minecraft:stick":11,"minecraft:dirt":16,"minecraft:rose_bush":1,"spore:tumor":1,"minecraft:iron_axe":1,"minecraft:white_wool":5,"spore:claw_fragment":5,"minecraft:sugar_cane":3,"minecraft:chicken":2,"spore:mutated_fiber":3,"minecraft:poppy":4,"minecraft:stone":3,"minecraft:oak_sapling":13,"comforts:sleeping_bag_white":1,"minecraft:arrow":2,"spore:armor_fragment":2,"biomesoplenty:tall_lavender":2,"minecraft:black_wool":2}},"DataVersion":3465}