{"stats":{"minecraft:broken":{"minecraft:iron_chestplate":1,"minecraft:iron_leggings":1,"minecraft:wooden_axe":2,"minecraft:stone_shovel":1,"minecraft:shield":1,"minecraft:iron_pickaxe":2},"minecraft:dropped":{"sophisticatedbackpacks:iron_backpack":1,"minecraft:iron_sword":3,"spore:spine":2,"minecraft:cooked_beef":10,"spore:biomass_block":9,"iceandfire:silver_axe":1,"iceandfire:graveyard_soil":2,"sophisticatedbackpacks:gold_backpack":1,"minecraft:cobblestone_stairs":1,"jet_and_elias_armors:sentinel_set_helmet":2,"minecraft:dirt":19,"jet_and_elias_armors:knight_m_pink_leggings":2,"iceandfire:armor_copper_metal_boots":1,"minecraft:white_wool":5,"minecraft:bone":8,"minecraft:sugar_cane":3,"minecraft:iron_nugget":9,"minecraft:birch_sapling":1,"minecraft:oak_planks":13,"iceandfire:silver_shovel":1,"jet_and_elias_armors:knight_m_white_chestplate":1,"minecraft:poppy":4,"minecraft:chainmail_boots":1,"comforts:sleeping_bag_white":1,"minecraft:arrow":2,"iceandfire:armor_copper_metal_leggings":1,"spore:armor_fragment":3,"biomesoplenty:tall_lavender":2,"iceandfire:silver_pickaxe":1,"minecraft:oak_slab":6,"biomesoplenty:jacaranda_sapling":1,"minecraft:wheat_seeds":14,"minecraft:lilac":1,"vampirism:vampire_book":2,"biomesoplenty:lavender":76,"iceandfire:armor_copper_metal_chestplate":1,"minecraft:cobblestone":1,"minecraft:amethyst_block":4,"minecraft:apple":19,"minecraft:granite":19,"biomesoplenty:jacaranda_planks":7,"minecraft:coal":2,"minecraft:stick":14,"iceandfire:silver_sword":2,"jet_and_elias_armors:knight_m_pink_boots":1,"minecraft:rose_bush":1,"minecraft:smooth_quartz":9,"spore:tumor":1,"croptopia:nectarine":4,"minecraft:smooth_quartz_slab":5,"minecraft:iron_axe":1,"minecraft:string":4,"spore:claw_fragment":5,"minecraft:tuff":14,"minecraft:raw_iron":40,"minecraft:chicken":2,"spore:cerebrum":2,"spore:mutated_fiber":9,"iceandfire:armor_copper_metal_helmet":1,"vampirism:heart_striker_enhanced":1,"jet_and_elias_armors:heavy_knight_armor_leggings":1,"minecraft:stone":3,"minecraft:iron_chestplate":1,"minecraft:andesite":8,"minecraft:oak_boat":2,"minecraft:oak_sapling":27,"minecraft:spider_eye":2,"minecraft:stone_bricks":6,"jet_and_elias_armors:brute_armor_chestplate":1,"minecraft:birch_boat":3,"minecraft:sandstone":6,"minecraft:raw_gold":13,"minecraft:black_wool":2},"minecraft:killed_by":{"iceandfire:siren":1,"iceandfire:sea_serpent":1,"spore:spitter":1,"monsterplus:opalescent_eye":1,"spore:inf_player":3,"minecraft:player":2,"spore:busser":2,"monsterplus:glow_skeleton":1,"minecraft:skeleton":2,"iceandfire:ghost":1},"minecraft:picked_up":{"minecraft:iron_chestplate":1,"spore:mutated_heart":10,"minecraft:chainmail_boots":1,"minecraft:stone_slab":2,"minecraft:oak_stairs":2,"minecraft:wither_rose":1,"biomesoplenty:violet":1,"minecraft:stone_brick_stairs":3,"minecraft:brewing_stand":1,"minecraft:amethyst_block":4,"spore:innards":1,"minecraft:string":55,"minecraft:raw_copper":195,"biomesoplenty:tall_lavender":2,"spore:corrosive_sack":1,"minecraft:cobbled_deepslate":75,"comforts:sleeping_bag_white":1,"minecraft:rose_bush":1,"minecraft:cobblestone_slab":1,"minecraft:smooth_quartz":9,"minecraft:iron_pickaxe":1,"minecraft:furnace":14,"minecraft:iron_boots":2,"minecraft:golden_helmet":1,"minecraft:stick":31,"minecraft:torch":10,"minecraft:porkchop":14,"minecraft:diorite":3,"mutantmonsters:hulk_hammer":1,"monsterplus:crystal_clump":1,"vampirism:blood_bottle":1,"minecraft:rotten_flesh":15,"cataclysm:stone_pillar":1,"minecraft:cobblestone":330,"biomesoplenty:lavender":89,"minecraft:birch_log":6,"vampirism:weapon_table":1,"minecraft:lilac":1,"croptopia:nectarine":4,"minecraft:andesite":56,"minecraft:tuff":16,"evilcraft:flesh_humanoid":4,"minecraft:lapis_lazuli":136,"minecraft:dirt":118,"minecraft:bone":19,"minecraft:wheat_seeds":16,"minecraft:raw_gold":20,"minecraft:glowstone_dust":1,"spore:biomass_block":9,"minecraft:oak_planks":53,"spore:cerebrum":8,"minecraft:cooked_porkchop":1,"croptopia:plum":25,"spore:armor_fragment":53,"iceandfire:shiny_scales":1,"minecraft:sand":26,"minecraft:spectral_arrow":1,"minecraft:dark_oak_log":3,"spore:claw_fragment":36,"minecraft:diamond":7,"minecraft:deepslate":3,"minecraft:granite":99,"spore:spine_fragment":8,"minecraft:oak_sapling":30,"minecraft:netherrack":1,"iceandfire:raw_silver":16,"minecraft:crafting_table":1,"minecraft:allium":2,"minecraft:sandstone_slab":1,"minecraft:chicken":2,"croptopia:peach":18,"cataclysm:stone_tile_stairs":1,"minecraft:stone_brick_wall":1,"vampirism:heart_striker_enhanced":1,"minecraft:gold_block":2,"biomesoplenty:jacaranda_sapling":1,"minecraft:iron_axe":2,"iceandfire:graveyard_soil":2,"minecraft:beef":62,"minecraft:oak_boat":13,"minecraft:poppy":6,"minecraft:sugar_cane":32,"minecraft:chest":1,"minecraft:birch_sapling":4,"minecraft:egg":4,"spore:tumor":1,"minecraft:raw_iron":154,"minecraft:stone":4,"spore:wing_membrane":4,"minecraft:copper_ingot":3,"sophisticatedbackpacks:backpack":2,"minecraft:cookie":5,"minecraft:redstone":19,"minecraft:dark_oak_planks":10,"minecraft:arrow":16,"iceandfire:sea_serpent_scales_purple":4,"biomesoplenty:jacaranda_log":9,"jet_and_elias_armors:heavy_knight_armor_leggings":1,"minecraft:gold_ingot":22,"spore:alveolic_sack":2,"minecraft:glow_berries":1,"minecraft:mutton":34,"minecraft:white_wool":22,"iceandfire:sea_serpent_fang":1,"minecraft:glow_ink_sac":2,"minecraft:leather":28,"minecraft:filled_map":3,"minecraft:oak_log":143,"minecraft:cobblestone_wall":3,"biomesoplenty:jacaranda_planks":7,"minecraft:gunpowder":3,"minecraft:cobblestone_stairs":2,"minecraft:cooked_mutton":9,"minecraft:apple":80,"minecraft:stone_bricks":54,"minecraft:iron_ingot":11,"spore:spine":2,"spore:mutated_fiber":143,"minecraft:iron_sword":2,"minecraft:book":84,"minecraft:oak_slab":6,"minecraft:polished_andesite_stairs":2,"minecraft:birch_boat":4,"minecraft:chiseled_stone_bricks":2,"minecraft:stone_brick_slab":2,"minecraft:gravel":4,"minecraft:white_bed":7,"minecraft:spider_eye":2,"monsterplus:crystal_shard":8,"evilcraft:dark_gem":28,"minecraft:iron_helmet":1,"minecraft:black_wool":4,"minecraft:dark_oak_wood":5,"minecraft:smooth_quartz_slab":5,"minecraft:coal":100},"minecraft:custom":{"minecraft:interact_with_crafting_table":81,"minecraft:open_barrel":2,"minecraft:bell_ring":1,"minecraft:leave_game":15,"minecraft:time_since_death":33656,"minecraft:sprint_one_cm":752282,"minecraft:damage_blocked_by_shield":1275,"minecraft:drop":128,"minecraft:play_time":345376,"minecraft:deaths":16,"minecraft:jump":7930,"minecraft:interact_with_brewingstand":1,"minecraft:walk_on_water_one_cm":64324,"vampirism:altar_of_inspiration_rituals_performed":2,"minecraft:interact_with_furnace":179,"minecraft:sleep_in_bed":10,"minecraft:damage_dealt":39980,"minecraft:player_kills":3,"minecraft:crouch_one_cm":37153,"minecraft:mob_kills":196,"minecraft:damage_dealt_resisted":325,"minecraft:climb_one_cm":1195,"minecraft:walk_one_cm":580926,"minecraft:damage_dealt_absorbed":160,"minecraft:sneak_time":11660,"minecraft:walk_under_water_one_cm":32344,"minecraft:boat_one_cm":465448,"minecraft:total_world_time":345376,"minecraft:time_since_rest":5186,"minecraft:damage_taken":2147483647,"minecraft:damage_absorbed":10,"minecraft:trigger_trapped_chest":2,"minecraft:swim_one_cm":165775,"minecraft:fly_one_cm":1416900,"minecraft:open_chest":59,"minecraft:fall_one_cm":230602},"minecraft:used":{"minecraft:poppy":2,"minecraft:chest":4,"minecraft:shield":22,"minecraft:stone":1,"minecraft:iron_sword":270,"minecraft:rotten_flesh":9,"minecraft:allium":2,"minecraft:tuff":1,"minecraft:polished_andesite_stairs":2,"minecraft:iron_helmet":1,"minecraft:stone_bricks":31,"mutantmonsters:hulk_hammer":3,"minecraft:furnace":13,"minecraft:egg":2,"minecraft:diorite":2,"spore:armads":153,"minecraft:oak_planks":12,"minecraft:wooden_pickaxe":32,"biomesoplenty:lavender":13,"minecraft:cookie":5,"minecraft:glow_berries":3,"minecraft:golden_apple":1,"minecraft:sand":2,"iceandfire:silver_axe":1,"biomesoplenty:jacaranda_planks":4,"croptopia:plum":25,"croptopia:nectarine":3,"sophisticatedbackpacks:backpack":3,"minecraft:bread":2,"minecraft:deepslate":2,"minecraft:gravel":4,"minecraft:andesite":36,"minecraft:oak_boat":14,"iceandfire:silver_sword":12,"minecraft:stone_shovel":131,"minecraft:netherrack":1,"minecraft:torch":160,"minecraft:dirt":29,"minecraft:cobblestone_wall":1,"minecraft:stone_brick_slab":2,"minecraft:wooden_axe":120,"minecraft:iron_axe":272,"minecraft:oak_stairs":2,"minecraft:iron_boots":1,"evilcraft:flesh_humanoid":4,"minecraft:bamboo":2,"minecraft:golden_carrot":6,"minecraft:cooked_beef":44,"minecraft:cobbled_deepslate":75,"biomesoplenty:violet":1,"minecraft:cooked_mutton":35,"minecraft:water_bucket":4,"minecraft:cobblestone_stairs":1,"minecraft:birch_boat":3,"minecraft:cobblestone_slab":1,"minecraft:oak_slab":6,"minecraft:crafting_table":14,"minecraft:white_bed":10,"minecraft:apple":48,"minecraft:iron_pickaxe":1089,"minecraft:stone_slab":2,"minecraft:chiseled_stone_bricks":2,"minecraft:cobblestone":115,"minecraft:cooked_porkchop":14,"minecraft:bucket":5},"minecraft:killed":{"vampirism:vampire":1,"minecraft:cave_spider":1,"vampirism:advanced_vampire":1,"spore:braiomil":1,"minecraft:spider":4,"spore:leaper":1,"monsterplus:crystal_zombie":12,"minecraft:skeleton":8,"monsterplus:glow_skeleton":2,"minecraft:chicken":1,"spore:spitter":2,"minecraft:pig":7,"spore:inf_player":9,"spore:inf_evoker":2,"minecraft:iron_golem":1,"spore:inf_drowned":1,"minecraft:creeper":7,"minecraft:sheep":23,"spore:inf_villager":13,"spore:mound":1,"spore:inf_human":17,"minecraft:zombie":14,"monsterplus:opalescent_eye":2,"spore:knight":3,"iceandfire:sea_serpent":1,"minecraft:cow":32,"minecraft:slime":1,"iceandfire:hippocampus":1,"spore:brute":1,"spore:inf_pillager":12,"iceandfire:ghost":3,"spore:inf_witch":1,"spore:claw":1,"spore:busser":5,"mutantmonsters:mutant_zombie":1,"monsterplus:overgrown_skeleton":3},"minecraft:mined":{"spore:fungal_roots":14,"minecraft:white_bed":5,"iceandfire:graveyard_soil":2,"spore:wall_growths":89,"minecraft:cobblestone_stairs":1,"cataclysm:stone_pillar":1,"minecraft:granite":95,"minecraft:stone_brick_wall":1,"minecraft:grass_block":21,"spore:fungal_stem":38,"minecraft:chiseled_stone_bricks":2,"minecraft:spawner":2,"spore:mycelium_veins":8,"biomesoplenty:tall_lavender":3,"minecraft:iron_ore":126,"minecraft:cobbled_deepslate":7,"minecraft:fire":1,"spore:infested_stone":52,"biomesoplenty:lavender":81,"biomesoplenty:violet":2,"minecraft:deepslate_lapis_ore":13,"spore:growth_mycelium":74,"tropicraft:palm_log":1,"minecraft:oak_stairs":2,"biomesoplenty:jacaranda_leaves":1,"minecraft:deepslate_redstone_ore":2,"minecraft:quartz_block":4,"spore:growths_big":57,"minecraft:dark_oak_wood":5,"minecraft:polished_andesite_stairs":2,"minecraft:chest":1,"minecraft:smooth_quartz_slab":4,"minecraft:cobblestone":41,"spore:biomass_block":2,"minecraft:oak_planks":10,"minecraft:sugar_cane":12,"minecraft:wall_torch":7,"minecraft:amethyst_block":5,"spore:fungal_stem_sapling":1,"evilcraft:dark_ore_deepslate":2,"minecraft:birch_log":12,"minecraft:wither_rose":1,"minecraft:stone_brick_stairs":3,"minecraft:grass":113,"minecraft:oak_log":135,"minecraft:dirt":105,"minecraft:sand":32,"minecraft:smooth_quartz":12,"minecraft:netherrack":1,"minecraft:oak_leaves":10,"minecraft:deepslate":58,"minecraft:tuff":17,"spore:wall_growths_big":113,"iceandfire:silver_ore":17,"minecraft:deepslate_diamond_ore":7,"minecraft:dark_oak_log":3,"minecraft:purple_candle":1,"biomesoplenty:bush":53,"minecraft:allium":1,"cataclysm:stone_tile_stairs":1,"spore:rooted_biomass":3,"minecraft:kelp":1,"spore:acid":1,"spore:growths_small":54,"biomesoplenty:jacaranda_log":10,"minecraft:redstone_ore":2,"minecraft:furnace":13,"spore:blomfung":32,"minecraft:andesite":50,"evilcraft:dark_ore":4,"spore:organite":1,"minecraft:gold_block":2,"biomesoplenty:sea_oats":1,"minecraft:bookshelf":28,"biomesoplenty:high_grass":43,"minecraft:deepslate_iron_ore":32,"minecraft:cobblestone_slab":1,"minecraft:vine":6,"minecraft:stone":289,"sophisticatedbackpacks:backpack":2,"minecraft:stone_brick_slab":2,"minecraft:crafting_table":3,"minecraft:rose_bush":2,"minecraft:stone_slab":1,"biomesoplenty:high_grass_plant":59,"minecraft:copper_ore":31,"minecraft:tall_grass":14,"minecraft:lapis_ore":8,"biomesoplenty:sprout":2,"minecraft:deepslate_gold_ore":14,"minecraft:diorite":2,"minecraft:coarse_dirt":4,"minecraft:cobblestone_wall":4,"spore:bloomfung2":86,"spore:fungal_stem_top":24,"minecraft:coal_ore":60,"minecraft:gravel":3,"minecraft:cobweb":54,"minecraft:stone_bricks":64,"minecraft:gold_ore":5,"minecraft:fern":4},"minecraft:crafted":{"minecraft:oak_planks":208,"jet_and_elias_armors:knight_m_white_chestplate":1,"minecraft:birch_boat":2,"minecraft:heavy_weighted_pressure_plate":9,"minecraft:iron_bars":16,"minecraft:cooked_mutton":26,"iceandfire:armor_copper_metal_boots":1,"minecraft:iron_boots":1,"spore:fleshy_bone":2,"iceandfire:armor_copper_metal_chestplate":1,"spore:fleshy_claw":3,"minecraft:chest":4,"jet_and_elias_armors:sentinel_set_boots":1,"minecraft:oak_slab":6,"sophisticatedbackpacks:backpack":3,"biomesoplenty:jacaranda_planks":36,"minecraft:cooked_porkchop":14,"minecraft:crafting_table":12,"minecraft:wooden_pickaxe":2,"minecraft:iron_helmet":1,"minecraft:copper_ingot":71,"minecraft:birch_planks":24,"spore:armads":1,"minecraft:iron_chestplate":2,"minecraft:stick":100,"minecraft:iron_ingot":137,"minecraft:iron_pickaxe":5,"minecraft:iron_block":4,"jet_and_elias_armors:knight_m_pink_leggings":1,"minecraft:gold_ingot":25,"minecraft:sandstone":6,"iceandfire:silver_sword":1,"spore:claw":3,"minecraft:stone_shovel":1,"minecraft:furnace":4,"iceandfire:armor_copper_metal_leggings":1,"iceandfire:armor_copper_metal_helmet":1,"jet_and_elias_armors:heavy_knight_armor_leggings":1,"minecraft:leather":17,"minecraft:iron_axe":1,"minecraft:dark_oak_planks":32,"jet_and_elias_armors:sentinel_set_helmet":2,"sophisticatedbackpacks:iron_backpack":3,"minecraft:cooked_beef":51,"spore:living_core":1,"jet_and_elias_armors:brute_armor_chestplate":1,"iceandfire:silver_ingot":10,"minecraft:iron_sword":2,"sophisticatedbackpacks:gold_backpack":3,"minecraft:bucket":2,"minecraft:air":0,"minecraft:oak_boat":4,"minecraft:white_wool":1,"minecraft:wooden_axe":3,"minecraft:iron_leggings":1,"minecraft:white_bed":2,"minecraft:torch":188}},"DataVersion":3465}