{"stats":{"minecraft:killed":{"vampirism:vampire":4,"minecraft:cave_spider":2,"vampirism:advanced_vampire":1,"spore:braiomil":2,"minecraft:spider":11,"spore:leaper":3,"monsterplus:crystal_zombie":20,"minecraft:skeleton":37,"monsterplus:glow_skeleton":5,"minecraft:chicken":1,"vampirism:advanced_hunter":1,"spore:spitter":4,"minecraft:magma_cube":5,"minecraft:pig":31,"spore:inf_player":11,"spore:inf_evoker":7,"minecraft:iron_golem":1,"spore:inf_drowned":1,"minecraft:creeper":17,"vampirism:hunter":3,"minecraft:sheep":36,"spore:inf_villager":15,"spore:mound":1,"minecraft:zombie":35,"spore:inf_human":29,"monsterplus:opalescent_eye":2,"spore:knight":5,"iceandfire:sea_serpent":1,"minecraft:cow":44,"mca:male_zombie_villager":1,"minecraft:slime":1,"spore:griefer":1,"minecraft:drowned":1,"iceandfire:hippocampus":1,"spore:stalker":2,"spore:brute":1,"spore:inf_pillager":17,"iceandfire:ghost":4,"spore:inf_witch":3,"spore:claw":2,"spore:busser":12,"mutantmonsters:mutant_zombie":1,"monsterplus:overgrown_skeleton":3,"spore:slasher":1,"minecraft:enderman":1},"minecraft:mined":{"spore:fungal_roots":14,"minecraft:white_bed":8,"iceandfire:graveyard_soil":2,"spore:wall_growths":89,"minecraft:cobblestone_stairs":1,"cataclysm:stone_pillar":1,"minecraft:granite":95,"minecraft:stone_brick_wall":1,"minecraft:grass_block":39,"spore:fungal_stem":38,"iceandfire:pixie_house_oak":2,"minecraft:chiseled_stone_bricks":2,"minecraft:spawner":3,"spore:mycelium_veins":8,"biomesoplenty:tall_lavender":3,"minecraft:iron_ore":175,"minecraft:fire":8,"minecraft:cobbled_deepslate":7,"spore:infested_stone":52,"biomesoplenty:lavender":82,"biomesoplenty:violet":2,"minecraft:deepslate_lapis_ore":15,"spore:growth_mycelium":74,"tropicraft:palm_log":18,"minecraft:oak_stairs":2,"iceandfire:pixie_house_spruce":2,"minecraft:spruce_slab":4,"biomesoplenty:jacaranda_leaves":1,"minecraft:deepslate_redstone_ore":2,"minecraft:quartz_block":4,"tropicraft:palm_fence":1,"tropicraft:coconut":1,"spore:growths_big":57,"minecraft:torch":6,"minecraft:dark_oak_wood":5,"minecraft:polished_andesite_stairs":2,"croptopia:garlic_crop":23,"minecraft:chest":1,"minecraft:smooth_quartz_slab":4,"minecraft:cobblestone":67,"spore:biomass_block":2,"minecraft:oak_planks":16,"minecraft:sugar_cane":54,"minecraft:wall_torch":10,"minecraft:amethyst_block":5,"minecraft:deepslate_copper_ore":1,"spore:fungal_stem_sapling":1,"minecraft:birch_log":28,"evilcraft:dark_ore_deepslate":2,"vampirism:med_chair":1,"minecraft:stone_brick_stairs":3,"minecraft:wither_rose":1,"minecraft:grass":464,"minecraft:oak_log":238,"minecraft:dirt":124,"minecraft:smooth_quartz":12,"minecraft:sand":55,"minecraft:sandstone_wall":1,"minecraft:netherrack":1,"minecraft:oak_leaves":20,"minecraft:deepslate":100,"minecraft:infested_deepslate":1,"minecraft:tuff":19,"spore:wall_growths_big":113,"iceandfire:silver_ore":17,"minecraft:deepslate_diamond_ore":7,"minecraft:dark_oak_log":3,"iceandfire:pixie_house_birch":2,"minecraft:purple_candle":1,"biomesoplenty:bush":53,"minecraft:allium":1,"cataclysm:stone_tile_stairs":1,"spore:rooted_biomass":3,"minecraft:kelp":1,"spore:acid":1,"spore:growths_small":54,"biomesoplenty:jacaranda_log":15,"minecraft:redstone_ore":2,"minecraft:furnace":15,"spore:blomfung":32,"minecraft:andesite":50,"evilcraft:dark_ore":5,"spore:organite":1,"minecraft:gold_block":2,"biomesoplenty:sea_oats":1,"minecraft:bookshelf":28,"minecraft:cobblestone_slab":2,"biomesoplenty:high_grass":43,"minecraft:deepslate_iron_ore":46,"minecraft:vine":6,"minecraft:stone":383,"sophisticatedbackpacks:backpack":2,"minecraft:redstone_block":1,"minecraft:stone_brick_slab":2,"minecraft:crafting_table":5,"iceandfire:pixie_house_mushroom_brown":4,"minecraft:rose_bush":2,"minecraft:stone_slab":3,"biomesoplenty:high_grass_plant":59,"minecraft:copper_ore":31,"minecraft:tall_grass":88,"minecraft:lapis_ore":8,"biomesoplenty:sprout":3,"minecraft:deepslate_gold_ore":21,"minecraft:diorite":4,"minecraft:coarse_dirt":4,"minecraft:cobblestone_wall":4,"spore:bloomfung2":86,"minecraft:birch_leaves":2,"iceandfire:pixie_house_mushroom_red":3,"spore:fungal_stem_top":24,"minecraft:coal_ore":127,"minecraft:gravel":10,"minecraft:cobweb":54,"minecraft:stone_bricks":66,"minecraft:gold_ore":5,"minecraft:fern":5},"minecraft:custom":{"minecraft:animals_bred":1,"minecraft:interact_with_crafting_table":137,"minecraft:open_barrel":2,"minecraft:bell_ring":1,"minecraft:leave_game":22,"minecraft:time_since_death":0,"minecraft:sprint_one_cm":1313075,"minecraft:damage_blocked_by_shield":1275,"minecraft:drop":276,"minecraft:play_time":537736,"minecraft:deaths":37,"minecraft:jump":13062,"minecraft:interact_with_brewingstand":1,"minecraft:walk_on_water_one_cm":115862,"minecraft:interact_with_furnace":248,"vampirism:altar_of_inspiration_rituals_performed":2,"minecraft:sleep_in_bed":16,"minecraft:damage_dealt":81583,"minecraft:player_kills":4,"minecraft:crouch_one_cm":57997,"minecraft:inspect_dispenser":1,"minecraft:horse_one_cm":1195,"minecraft:mob_kills":390,"vampirism:killed_with_stake":1,"minecraft:damage_dealt_resisted":765,"minecraft:climb_one_cm":26196,"minecraft:walk_one_cm":969169,"vampirism:skills_unlocked":35,"minecraft:damage_dealt_absorbed":360,"minecraft:sneak_time":17950,"minecraft:walk_under_water_one_cm":82804,"minecraft:boat_one_cm":501047,"minecraft:total_world_time":537736,"vampirism:interact_with_injection_chair":17,"minecraft:interact_with_stonecutter":2,"minecraft:time_since_rest":205,"minecraft:damage_absorbed":20,"minecraft:damage_taken":2147483647,"minecraft:trigger_trapped_chest":3,"minecraft:swim_one_cm":226997,"minecraft:fly_one_cm":2455547,"minecraft:open_chest":70,"minecraft:fall_one_cm":376782},"minecraft:killed_by":{"spore:slasher":6,"minecraft:creeper":1,"iceandfire:siren":1,"monsterplus:crystal_zombie":1,"spore:inf_human":2,"iceandfire:sea_serpent":1,"spore:spitter":1,"monsterplus:opalescent_eye":1,"spore:inf_player":3,"minecraft:silverfish":1,"spore:brute":1,"spore:leaper":1,"minecraft:player":2,"spore:busser":8,"monsterplus:glow_skeleton":1,"minecraft:skeleton":3,"iceandfire:ghost":1},"minecraft:dropped":{"sophisticatedbackpacks:iron_backpack":1,"minecraft:iron_sword":3,"spore:spine":2,"minecraft:piston":32,"minecraft:glow_ink_sac":3,"minecraft:lapis_lazuli":136,"spore:biomass_block":9,"minecraft:cooked_beef":30,"minecraft:oak_log":2,"iceandfire:silver_axe":1,"minecraft:glass_bottle":2,"minecraft:diamond":3,"cwsr:water_essence":2,"minecraft:sandstone_slab":1,"iceandfire:ectoplasm":10,"jet_and_elias_armors:sentinel_set_helmet":2,"minecraft:cobblestone_stairs":1,"iceandfire:graveyard_soil":2,"sophisticatedbackpacks:gold_backpack":1,"minecraft:emerald":6,"minecraft:gold_block":2,"minecraft:redstone_lamp":12,"minecraft:dirt":132,"jet_and_elias_armors:knight_m_pink_leggings":2,"iceandfire:sea_serpent_scales_purple":4,"iceandfire:armor_copper_metal_boots":1,"minecraft:bone_meal":55,"cwsr:beast_essence":1,"minecraft:iron_pickaxe":1,"minecraft:white_wool":16,"minecraft:gold_ingot":30,"minecraft:bone":8,"minecraft:sugar_cane":7,"mutantmonsters:hulk_hammer":1,"minecraft:iron_nugget":9,"vampirism:holy_water_bottle_normal":4,"monsterplus:crystal_shard":8,"minecraft:birch_sapling":10,"minecraft:obsidian":1,"vampirism:holy_water_bottle_enhanced":1,"minecraft:rotten_flesh":3,"cwsr:mixed_essence":1,"minecraft:oak_planks":17,"vampirism:blood_bottle":1,"minecraft:glowstone_dust":1,"iceandfire:silver_shovel":1,"minecraft:cooked_mutton":13,"jet_and_elias_armors:knight_m_white_chestplate":1,"evilcraft:flesh_humanoid":1,"iceandfire:shiny_scales":1,"minecraft:poppy":4,"vampirism:vampire_fang":6,"minecraft:charcoal":40,"cwsr:thunder_essence":4,"minecraft:chainmail_boots":1,"comforts:sleeping_bag_white":1,"minecraft:arrow":2,"minecraft:glass":12,"iceandfire:armor_copper_metal_leggings":1,"minecraft:quartz":22,"spore:armor_fragment":3,"biomesoplenty:tall_lavender":2,"iceandfire:silver_pickaxe":1,"iceandfire:manuscript":17,"croptopia:garlic":24,"minecraft:egg":3,"minecraft:enchanted_book":2,"minecraft:iron_ingot":9,"minecraft:oak_slab":6,"biomesoplenty:jacaranda_sapling":1,"minecraft:wheat_seeds":14,"minecraft:golden_helmet":1,"minecraft:lilac":1,"vampirism:vampire_book":2,"evilcraft:condensed_blood":40,"biomesoplenty:lavender":76,"iceandfire:armor_copper_metal_chestplate":1,"minecraft:cobblestone":150,"minecraft:book":86,"cwsr:dark_essence":3,"minecraft:apple":20,"minecraft:amethyst_block":4,"minecraft:granite":83,"evilcraft:dark_gem":33,"cwsr:light_essence":1,"minecraft:copper_ingot":50,"biomesoplenty:jacaranda_planks":7,"minecraft:grass_block":1,"minecraft:chainmail_helmet":1,"vampirism:amulet":3,"minecraft:coal":2,"minecraft:stick":26,"minecraft:wooden_axe":1,"iceandfire:silver_sword":2,"minecraft:repeater":62,"jet_and_elias_armors:knight_m_pink_boots":1,"minecraft:rose_bush":1,"minecraft:smooth_quartz":9,"spore:tumor":1,"croptopia:nectarine":4,"minecraft:iron_leggings":1,"minecraft:smooth_quartz_slab":5,"minecraft:wither_rose":1,"minecraft:iron_axe":2,"cwsr:earth_essence":1,"minecraft:iron_shovel":1,"minecraft:string":4,"minecraft:bucket":1,"spore:claw_fragment":5,"minecraft:redstone_block":1,"minecraft:redstone":93,"vampirism:armor_of_swiftness_head_ultimate":1,"minecraft:raw_copper":37,"minecraft:deepslate":1,"minecraft:sticky_piston":12,"minecraft:tuff":14,"vampirism:holy_water_bottle_ultimate":2,"minecraft:raw_iron":40,"minecraft:chicken":2,"minecraft:light_gray_wool":1,"minecraft:comparator":14,"spore:cerebrum":2,"spore:mutated_fiber":9,"minecraft:name_tag":1,"iceandfire:armor_copper_metal_helmet":1,"evilcraft:origins_of_darkness":1,"vampirism:heart_striker_enhanced":2,"jet_and_elias_armors:heavy_knight_armor_leggings":1,"minecraft:glass_pane":15,"minecraft:filled_map":6,"minecraft:cobblestone_slab":1,"minecraft:stone":3,"cwsr:fire_essence":1,"minecraft:iron_chestplate":1,"minecraft:andesite":10,"iceandfire:silver_ingot":13,"minecraft:oak_boat":2,"minecraft:oak_sapling":67,"minecraft:stone_bricks":20,"minecraft:spider_eye":3,"jet_and_elias_armors:brute_armor_chestplate":1,"minecraft:wooden_pickaxe":1,"minecraft:sandstone":6,"minecraft:birch_boat":3,"minecraft:bow":1,"tropicraft:coconut":1,"minecraft:raw_gold":13,"iceandfire:sea_serpent_fang":1,"minecraft:black_wool":2},"minecraft:used":{"minecraft:iron_shovel":59,"minecraft:ladder":20,"minecraft:poppy":2,"minecraft:chest":4,"minecraft:shield":22,"iceandfire:pixie_house_mushroom_brown":4,"minecraft:stone":1,"minecraft:iron_sword":270,"minecraft:rotten_flesh":10,"minecraft:allium":2,"minecraft:tuff":1,"minecraft:polished_andesite_stairs":2,"minecraft:iron_helmet":1,"minecraft:stone_bricks":33,"croptopia:peach":18,"minecraft:bow":49,"tropicraft:palm_planks":16,"mutantmonsters:hulk_hammer":3,"minecraft:furnace":19,"minecraft:egg":2,"tropicraft:coconut":2,"minecraft:diorite":4,"croptopia:garlic_seed":42,"spore:armads":355,"minecraft:oak_planks":41,"minecraft:wooden_pickaxe":40,"minecraft:cookie":5,"biomesoplenty:lavender":14,"iceandfire:pixie_house_oak":2,"minecraft:sugar_cane":87,"minecraft:golden_apple":2,"minecraft:glow_berries":3,"minecraft:sand":2,"spore:rapier":136,"vampirism:stake":36,"iceandfire:silver_axe":1,"biomesoplenty:jacaranda_planks":4,"croptopia:plum":25,"croptopia:nectarine":15,"minecraft:lever":1,"sophisticatedbackpacks:backpack":3,"minecraft:bread":3,"minecraft:deepslate":2,"minecraft:gravel":8,"iceandfire:pixie_house_birch":2,"iceandfire:pixie_house_mushroom_red":3,"vampirism:med_chair":2,"minecraft:andesite":36,"minecraft:oak_boat":16,"minecraft:bone_meal":65,"iceandfire:silver_sword":12,"minecraft:stone_shovel":131,"minecraft:sandstone_wall":1,"minecraft:netherrack":1,"minecraft:torch":722,"minecraft:dirt":54,"minecraft:cobblestone_wall":1,"minecraft:iron_hoe":70,"minecraft:stone_brick_slab":2,"minecraft:wooden_axe":136,"minecraft:iron_axe":490,"minecraft:oak_stairs":2,"minecraft:iron_boots":1,"evilcraft:flesh_humanoid":4,"minecraft:bamboo":2,"minecraft:golden_carrot":6,"minecraft:cooked_beef":63,"biomesoplenty:violet":1,"minecraft:cobbled_deepslate":98,"minecraft:wheat_seeds":18,"minecraft:cooked_mutton":54,"minecraft:water_bucket":21,"minecraft:cobblestone_stairs":1,"iceandfire:pixie_house_spruce":2,"minecraft:birch_boat":3,"minecraft:cobblestone_slab":1,"minecraft:oak_slab":6,"minecraft:crafting_table":22,"minecraft:white_bed":13,"minecraft:apple":63,"minecraft:iron_pickaxe":1401,"minecraft:stone_slab":4,"minecraft:chiseled_stone_bricks":2,"minecraft:cobblestone":287,"minecraft:cooked_porkchop":57,"minecraft:bucket":23,"tropicraft:palm_fence":25},"minecraft:picked_up":{"spore:mutated_heart":15,"minecraft:iron_chestplate":3,"minecraft:chainmail_boots":1,"minecraft:redstone_block":2,"minecraft:enchanted_book":2,"minecraft:stone_slab":4,"minecraft:oak_stairs":2,"minecraft:wither_rose":2,"biomesoplenty:violet":1,"minecraft:stone_brick_stairs":3,"minecraft:brewing_stand":1,"minecraft:amethyst_block":4,"vampirism:armor_of_swiftness_head_ultimate":1,"vampirism:holy_water_bottle_normal":4,"iceandfire:manuscript":17,"spore:innards":2,"minecraft:string":64,"minecraft:raw_copper":237,"minecraft:iron_leggings":1,"biomesoplenty:tall_lavender":2,"minecraft:sticky_piston":12,"spore:corrosive_sack":1,"minecraft:cobbled_deepslate":117,"minecraft:comparator":14,"minecraft:bucket":1,"comforts:sleeping_bag_white":1,"minecraft:rose_bush":1,"minecraft:cobblestone_slab":2,"minecraft:iron_pickaxe":2,"minecraft:smooth_quartz":9,"minecraft:furnace":16,"minecraft:iron_boots":4,"minecraft:golden_helmet":2,"minecraft:stick":86,"cwsr:water_essence":2,"minecraft:torch":20,"iceandfire:pixie_house_mushroom_brown":4,"minecraft:sandstone_wall":1,"minecraft:porkchop":60,"vampirism:holy_water_bottle_enhanced":1,"vampirism:vampire_fang":7,"minecraft:diorite":5,"vampirism:amulet":3,"mutantmonsters:hulk_hammer":2,"monsterplus:crystal_clump":7,"minecraft:stone_sword":1,"vampirism:blood_bottle":2,"minecraft:rotten_flesh":33,"tropicraft:palm_log":17,"evilcraft:condensed_blood":40,"minecraft:obsidian":1,"cataclysm:stone_pillar":1,"croptopia:garlic_seed":41,"minecraft:cobblestone":593,"biomesoplenty:lavender":90,"minecraft:birch_log":20,"vampirism:weapon_table":1,"minecraft:cooked_beef":20,"minecraft:lilac":1,"vampirism:med_chair":1,"minecraft:repeater":62,"minecraft:andesite":56,"croptopia:nectarine":16,"cwsr:dark_essence":3,"minecraft:tuff":18,"evilcraft:flesh_humanoid":8,"minecraft:lapis_lazuli":283,"minecraft:dirt":288,"cwsr:beast_essence":1,"minecraft:name_tag":1,"minecraft:bone":56,"minecraft:glass":12,"minecraft:bow":1,"minecraft:wheat_seeds":56,"minecraft:raw_gold":27,"vampirism:item_garlic":1,"minecraft:glowstone_dust":3,"spore:biomass_block":9,"minecraft:oak_planks":106,"spore:cerebrum":9,"minecraft:cooked_porkchop":1,"croptopia:plum":25,"spore:armor_fragment":95,"iceandfire:pixie_house_birch":2,"iceandfire:shiny_scales":2,"minecraft:sand":49,"minecraft:grass_block":1,"minecraft:spectral_arrow":2,"minecraft:dark_oak_log":3,"tropicraft:coconut":6,"spore:claw_fragment":78,"cwsr:light_essence":1,"minecraft:deepslate":9,"minecraft:diamond":10,"minecraft:lever":1,"minecraft:granite":163,"minecraft:bone_meal":55,"minecraft:emerald":6,"minecraft:chainmail_helmet":2,"spore:spine_fragment":16,"minecraft:netherrack":1,"minecraft:oak_sapling":70,"iceandfire:raw_silver":16,"minecraft:charcoal":40,"minecraft:crafting_table":3,"cwsr:thunder_essence":4,"minecraft:allium":2,"minecraft:sandstone_slab":1,"minecraft:chicken":2,"iceandfire:pixie_house_oak":2,"croptopia:peach":18,"cataclysm:stone_tile_stairs":1,"minecraft:redstone_lamp":12,"minecraft:stone_brick_wall":1,"vampirism:heart_striker_enhanced":2,"minecraft:gold_block":4,"biomesoplenty:jacaranda_sapling":1,"spore:sickle_fragment":2,"minecraft:iron_axe":4,"minecraft:iron_shovel":1,"minecraft:glass_pane":15,"iceandfire:graveyard_soil":2,"spore:armads":1,"minecraft:beef":84,"minecraft:oak_boat":15,"minecraft:poppy":6,"minecraft:light_gray_wool":1,"minecraft:spruce_slab":4,"minecraft:sugar_cane":114,"minecraft:chest":1,"minecraft:birch_sapling":13,"minecraft:piston":32,"minecraft:egg":11,"spore:tumor":3,"minecraft:raw_iron":217,"minecraft:stone":4,"spore:wing_membrane":9,"minecraft:copper_ingot":53,"evilcraft:origins_of_darkness":1,"sophisticatedbackpacks:backpack":2,"minecraft:cookie":5,"minecraft:redstone":58,"minecraft:dark_oak_planks":10,"tropicraft:palm_fence":1,"iceandfire:silver_ingot":13,"minecraft:arrow":44,"iceandfire:sea_serpent_scales_purple":8,"biomesoplenty:jacaranda_log":14,"jet_and_elias_armors:heavy_knight_armor_leggings":1,"minecraft:gold_ingot":52,"spore:alveolic_sack":2,"minecraft:glow_berries":1,"spore:tendons":3,"minecraft:mutton":53,"minecraft:white_wool":42,"vampirism:vampire_blood_bottle":2,"iceandfire:sea_serpent_fang":2,"minecraft:glow_ink_sac":6,"minecraft:leather":41,"croptopia:glowing_calamari":1,"cwsr:earth_essence":1,"minecraft:filled_map":9,"minecraft:oak_log":246,"iceandfire:ectoplasm":10,"minecraft:golden_boots":1,"minecraft:cobblestone_wall":3,"biomesoplenty:jacaranda_planks":7,"minecraft:gunpowder":11,"minecraft:cobblestone_stairs":2,"iceandfire:pixie_house_mushroom_red":3,"minecraft:cooked_mutton":22,"croptopia:garlic":49,"vampirism:human_heart":1,"minecraft:apple":85,"minecraft:stone_bricks":70,"minecraft:iron_ingot":20,"spore:spine":2,"spore:mutated_fiber":224,"minecraft:glass_bottle":2,"vampirism:holy_water_bottle_ultimate":2,"minecraft:iron_sword":2,"minecraft:book":170,"minecraft:oak_slab":6,"minecraft:polished_andesite_stairs":2,"minecraft:birch_boat":4,"minecraft:chiseled_stone_bricks":2,"minecraft:stone_brick_slab":2,"minecraft:quartz":22,"minecraft:gravel":11,"minecraft:white_bed":9,"cwsr:fire_essence":1,"minecraft:spider_eye":3,"cwsr:mixed_essence":1,"iceandfire:pixie_house_spruce":2,"monsterplus:crystal_shard":22,"minecraft:chainmail_leggings":1,"evilcraft:dark_gem":66,"minecraft:iron_helmet":2,"minecraft:black_wool":4,"minecraft:dark_oak_wood":5,"minecraft:smooth_quartz_slab":5,"minecraft:coal":167,"minecraft:ender_pearl":1},"minecraft:crafted":{"minecraft:oak_planks":512,"minecraft:smooth_stone":16,"vampirism:injection_garlic":2,"spore:r_wing":1,"jet_and_elias_armors:knight_m_white_chestplate":1,"minecraft:birch_boat":2,"vampirism:med_chair":1,"minecraft:heavy_weighted_pressure_plate":9,"minecraft:cooked_mutton":45,"iceandfire:armor_copper_metal_boots":1,"minecraft:iron_bars":16,"sophisticatedbackpacks:smelting_upgrade":1,"minecraft:glass":23,"minecraft:bow":1,"minecraft:iron_boots":1,"spore:fleshy_bone":2,"iceandfire:armor_copper_metal_chestplate":1,"spore:fleshy_claw":6,"minecraft:chest":4,"vampirism:stake":1,"jet_and_elias_armors:sentinel_set_boots":1,"minecraft:glass_bottle":3,"minecraft:oak_slab":6,"sophisticatedbackpacks:backpack":3,"biomesoplenty:jacaranda_planks":56,"minecraft:cooked_porkchop":57,"spore:rapier":1,"croptopia:garlic_seed":1,"minecraft:crafting_table":17,"minecraft:wooden_pickaxe":3,"minecraft:iron_helmet":1,"minecraft:copper_ingot":71,"minecraft:birch_planks":80,"sophisticatedbackpacks:upgrade_base":2,"spore:spine":1,"spore:armads":1,"minecraft:iron_chestplate":2,"minecraft:charcoal":87,"minecraft:shield":1,"sophisticatedbackpacks:diamond_backpack":1,"minecraft:stick":372,"minecraft:iron_ingot":168,"minecraft:iron_pickaxe":5,"minecraft:iron_block":4,"sophisticatedbackpacks:blasting_upgrade":1,"jet_and_elias_armors:knight_m_pink_leggings":1,"minecraft:gold_ingot":25,"minecraft:sandstone":6,"iceandfire:silver_sword":1,"spore:claw":3,"minecraft:stone_shovel":1,"minecraft:furnace":4,"iceandfire:armor_copper_metal_leggings":1,"minecraft:bone_meal":120,"minecraft:glass_pane":16,"iceandfire:armor_copper_metal_helmet":1,"vampirism:injection_empty":2,"jet_and_elias_armors:heavy_knight_armor_leggings":1,"minecraft:leather":17,"minecraft:iron_axe":1,"minecraft:ladder":66,"minecraft:iron_hoe":1,"spore:armor_plate":1,"minecraft:dark_oak_planks":32,"jet_and_elias_armors:sentinel_set_helmet":2,"sophisticatedbackpacks:iron_backpack":3,"minecraft:cooked_beef":72,"spore:living_core":3,"jet_and_elias_armors:brute_armor_chestplate":1,"tropicraft:palm_planks":68,"iceandfire:silver_ingot":10,"minecraft:iron_sword":2,"sophisticatedbackpacks:gold_backpack":3,"minecraft:bucket":2,"minecraft:air":0,"minecraft:oak_boat":5,"minecraft:white_wool":1,"minecraft:wooden_axe":4,"minecraft:iron_shovel":1,"minecraft:iron_leggings":1,"tropicraft:palm_fence":24,"minecraft:white_bed":3,"spore:nerves":8,"minecraft:torch":680},"minecraft:broken":{"minecraft:golden_helmet":1,"minecraft:iron_boots":1,"minecraft:iron_chestplate":1,"minecraft:iron_leggings":1,"minecraft:wooden_axe":2,"jet_and_elias_armors:knight_m_white_chestplate":1,"minecraft:stone_shovel":1,"minecraft:shield":1,"minecraft:iron_pickaxe":2,"minecraft:iron_helmet":1,"jet_and_elias_armors:sentinel_set_boots":1,"jet_and_elias_armors:sentinel_set_helmet":1}},"DataVersion":3465}