{"stats":{"minecraft:killed_by":{"spore:inf_player":3,"spore:busser":12,"spore:inf_villager":2,"monsterplus:crystal_zombie":2,"spore:inf_evoker":1,"monsterplus:glow_skeleton":1},"minecraft:picked_up":{"biomesoplenty:redwood_log":19,"minecraft:crafting_table":3,"minecraft:feather":3,"minecraft:glow_ink_sac":1,"minecraft:chicken":4,"minecraft:andesite":5,"minecraft:leather":10,"minecraft:oak_log":37,"evilcraft:flesh_humanoid":4,"croptopia:walnut":5,"minecraft:lapis_lazuli":17,"minecraft:dirt":10,"minecraft:bone":8,"minecraft:apple":1,"minecraft:wheat_seeds":4,"minecraft:beef":34,"minecraft:oak_boat":1,"spore:mutated_fiber":11,"biomesoplenty:redwood_wood":30,"minecraft:sugar_cane":4,"minecraft:furnace":2,"minecraft:egg":1,"minecraft:stick":8,"minecraft:raw_iron":50,"minecraft:dark_oak_sapling":2,"spore:cerebrum":1,"spore:armor_fragment":3,"minecraft:torch":8,"minecraft:porkchop":4,"minecraft:redstone":23,"minecraft:diorite":3,"minecraft:vine":1,"minecraft:spectral_arrow":1,"crafting_on_a_stick:crafting_table":1,"minecraft:dark_oak_log":5,"biomesoplenty:flowering_oak_sapling":3,"monsterplus:crystal_clump":1,"minecraft:arrow":6,"minecraft:rotten_flesh":6,"minecraft:deepslate":3,"monsterplus:crystal_shard":2,"evilcraft:dark_gem":60,"minecraft:iron_helmet":1,"minecraft:oak_sapling":9,"spore:tendons":6,"minecraft:glow_berries":1,"minecraft:mutton":10,"minecraft:coal":39,"minecraft:white_wool":7,"iceandfire:raw_silver":3,"minecraft:cobblestone":179},"minecraft:dropped":{"minecraft:vine":1,"minecraft:wheat_seeds":4,"minecraft:oak_log":1,"minecraft:deepslate":3,"minecraft:oak_planks":4,"spore:mutated_fiber":1,"minecraft:dirt":1,"minecraft:diorite":3,"biomesoplenty:flowering_oak_sapling":3,"minecraft:oak_sapling":3,"minecraft:stone_pickaxe":1,"minecraft:wooden_pickaxe":1,"minecraft:dark_oak_planks":1,"spore:armor_fragment":1,"minecraft:white_wool":1},"minecraft:custom":{"minecraft:interact_with_furnace":65,"minecraft:mob_kills":45,"minecraft:interact_with_crafting_table":22,"minecraft:leave_game":2,"minecraft:time_since_death":9450,"minecraft:sleep_in_bed":1,"minecraft:time_since_rest":9475,"minecraft:sprint_one_cm":125676,"minecraft:damage_taken":7486,"minecraft:walk_one_cm":190936,"minecraft:damage_blocked_by_shield":1140,"minecraft:drop":20,"minecraft:damage_dealt":6829,"minecraft:swim_one_cm":34612,"minecraft:fly_one_cm":238347,"minecraft:open_chest":23,"minecraft:crouch_one_cm":49720,"minecraft:play_time":76772,"minecraft:sneak_time":16232,"minecraft:deaths":21,"minecraft:walk_under_water_one_cm":7900,"minecraft:boat_one_cm":22500,"minecraft:jump":1754,"minecraft:walk_on_water_one_cm":8775,"minecraft:fall_one_cm":46522,"minecraft:total_world_time":76772},"minecraft:crafted":{"minecraft:cooked_beef":23,"minecraft:wooden_sword":1,"minecraft:oak_planks":48,"minecraft:cooked_porkchop":4,"minecraft:crafting_table":3,"minecraft:wooden_pickaxe":1,"minecraft:cooked_chicken":4,"minecraft:furnace":3,"minecraft:bucket":1,"minecraft:stone_axe":1,"minecraft:cooked_mutton":4,"minecraft:air":0,"minecraft:iron_chestplate":1,"minecraft:charcoal":38,"minecraft:shield":1,"spore:plated_muscle":2,"minecraft:stick":24,"minecraft:iron_ingot":28,"minecraft:iron_pickaxe":1,"minecraft:stone_pickaxe":2,"minecraft:stone_sword":2,"minecraft:chest":2,"minecraft:white_bed":2,"minecraft:dark_oak_planks":16,"minecraft:torch":72},"minecraft:used":{"minecraft:cooked_mutton":4,"minecraft:water_bucket":1,"minecraft:stone_sword":142,"minecraft:stone_pickaxe":145,"minecraft:wooden_pickaxe":9,"croptopia:walnut":5,"minecraft:chest":2,"minecraft:shield":20,"minecraft:cooked_chicken":2,"minecraft:iron_chestplate":1,"minecraft:torch":73,"minecraft:dirt":4,"minecraft:crafting_table":6,"minecraft:white_bed":2,"minecraft:oak_log":10,"minecraft:iron_pickaxe":170,"minecraft:wooden_sword":7,"minecraft:stone_axe":106,"minecraft:cobblestone":57,"minecraft:furnace":5,"minecraft:cooked_porkchop":2,"minecraft:bucket":2,"minecraft:cooked_beef":13},"minecraft:mined":{"iceandfire:silver_ore":3,"minecraft:dark_oak_log":5,"minecraft:torch":4,"minecraft:crafting_table":3,"minecraft:grass_block":7,"biomesoplenty:high_grass_plant":1,"minecraft:cobblestone":10,"minecraft:lapis_ore":2,"biomesoplenty:sprout":1,"minecraft:sugar_cane":1,"minecraft:diorite":3,"minecraft:wall_torch":3,"minecraft:redstone_ore":5,"minecraft:furnace":2,"minecraft:iron_ore":49,"minecraft:deepslate_iron_ore":1,"minecraft:andesite":6,"evilcraft:dark_ore":13,"minecraft:grass":11,"biomesoplenty:clover":6,"minecraft:coal_ore":39,"minecraft:oak_log":37,"biomesoplenty:redwood_log":23,"minecraft:dirt":3,"minecraft:stone":171,"biomesoplenty:redwood_wood":30,"minecraft:oak_leaves":11,"minecraft:fern":1},"minecraft:broken":{"minecraft:stone_pickaxe":1},"minecraft:killed":{"minecraft:pig":2,"spore:inf_player":3,"spore:braiomil":1,"spore:leaper":1,"monsterplus:crystal_zombie":3,"minecraft:sheep":7,"spore:inf_villager":2,"minecraft:skeleton":1,"minecraft:zombie":4,"spore:inf_human":4,"minecraft:chicken":4,"monsterplus:overgrown_skeleton":2,"minecraft:cow":10}},"DataVersion":3465}