{"stats":{"minecraft:killed":{"vampirism:vampire":2,"spore:braiomil":1,"minecraft:spider":1,"spore:leaper":1,"monsterplus:crystal_zombie":3,"minecraft:skeleton":1,"spore:griefer":1,"minecraft:chicken":6,"minecraft:pig":2,"spore:inf_player":3,"minecraft:sheep":17,"spore:inf_villager":2,"minecraft:zombie":5,"spore:inf_human":4,"monsterplus:overgrown_skeleton":6,"minecraft:cow":10},"minecraft:mined":{"minecraft:white_bed":2,"minecraft:oak_sapling":1,"iceandfire:silver_ore":6,"minecraft:dark_oak_log":5,"biomesoplenty:jacaranda_fence":17,"minecraft:granite":26,"minecraft:spruce_trapdoor":1,"minecraft:ladder":1,"minecraft:grass_block":47,"biomesoplenty:flowering_oak_leaves":2,"spore:acid":5,"biomesoplenty:jacaranda_log":41,"minecraft:redstone_ore":5,"biomesoplenty:tall_lavender":15,"minecraft:furnace":4,"minecraft:fire":3,"minecraft:iron_ore":66,"biomesoplenty:lavender":110,"minecraft:andesite":6,"evilcraft:dark_ore":17,"biomesoplenty:sea_oats":15,"biomesoplenty:redwood_log":23,"minecraft:deepslate_iron_ore":1,"minecraft:stone":221,"biomesoplenty:jacaranda_leaves":8,"biomesoplenty:jacaranda_fence_gate":1,"minecraft:crafting_table":4,"minecraft:torch":6,"minecraft:chest":1,"biomesoplenty:high_grass_plant":1,"minecraft:copper_ore":10,"minecraft:tall_grass":2,"minecraft:cobblestone":15,"biomesoplenty:sprout":1,"minecraft:lapis_ore":3,"biomesoplenty:huge_clover_petal":10,"minecraft:sugar_cane":32,"minecraft:diorite":3,"minecraft:wall_torch":3,"biomesoplenty:redwood_slab":1,"minecraft:wheat":7,"minecraft:birch_log":7,"minecraft:grass":62,"biomesoplenty:clover":13,"minecraft:oak_log":154,"minecraft:coal_ore":57,"minecraft:sand":8,"minecraft:dirt":23,"biomesoplenty:redwood_wood":30,"minecraft:oak_leaves":26,"minecraft:fern":1},"minecraft:custom":{"minecraft:mob_kills":67,"minecraft:animals_bred":2,"minecraft:interact_with_crafting_table":50,"minecraft:damage_dealt_resisted":38,"minecraft:leave_game":6,"minecraft:time_since_death":8776,"minecraft:climb_one_cm":9097,"minecraft:sprint_one_cm":508762,"minecraft:walk_one_cm":475988,"minecraft:damage_blocked_by_shield":2475,"minecraft:drop":48,"minecraft:damage_dealt_absorbed":26,"minecraft:play_time":191325,"minecraft:deaths":47,"minecraft:sneak_time":24281,"minecraft:walk_under_water_one_cm":38721,"minecraft:boat_one_cm":22500,"minecraft:jump":5148,"minecraft:walk_on_water_one_cm":59689,"minecraft:total_world_time":191325,"vampirism:altar_of_inspiration_rituals_performed":1,"minecraft:interact_with_furnace":91,"minecraft:tune_noteblock":2,"minecraft:sleep_in_bed":5,"minecraft:time_since_rest":8797,"minecraft:damage_taken":16327,"minecraft:damage_dealt":11084,"minecraft:swim_one_cm":267014,"minecraft:fly_one_cm":968279,"minecraft:open_chest":68,"minecraft:crouch_one_cm":79441,"minecraft:fall_one_cm":144574},"minecraft:killed_by":{"minecraft:player":1,"spore:busser":12,"minecraft:spider":1,"monsterplus:crystal_zombie":2,"spore:inf_vindicator":1,"minecraft:drowned":1,"spore:inf_evoker":1,"spore:spitter":8,"monsterplus:glow_skeleton":1,"spore:inf_player":7,"monsterplus:overgrown_skeleton":1,"spore:inf_villager":2,"minecraft:skeleton":2,"spore:brute":2,"spore:leaper":1},"minecraft:dropped":{"biomesoplenty:jacaranda_sapling":1,"minecraft:iron_sword":3,"minecraft:vine":1,"minecraft:wheat_seeds":4,"minecraft:oak_log":1,"biomesoplenty:redwood_slab":1,"biomesoplenty:lavender":47,"minecraft:dirt":1,"minecraft:diorite":3,"biomesoplenty:flowering_oak_sapling":3,"minecraft:string":1,"minecraft:dark_oak_planks":1,"minecraft:white_wool":1,"minecraft:stone_axe":1,"minecraft:stone_sword":2,"minecraft:deepslate":3,"minecraft:oak_planks":4,"spore:cerebrum":1,"spore:mutated_fiber":1,"minecraft:cooked_mutton":4,"evilcraft:flesh_humanoid":3,"minecraft:spruce_trapdoor":1,"minecraft:oak_sapling":3,"minecraft:arrow":1,"minecraft:wooden_pickaxe":1,"minecraft:stone_pickaxe":2,"spore:armor_fragment":3,"biomesoplenty:tall_lavender":2},"minecraft:used":{"minecraft:stone_sword":154,"minecraft:iron_shovel":64,"biomesoplenty:jacaranda_fence_gate":1,"minecraft:ladder":1,"minecraft:chest":7,"minecraft:shield":43,"minecraft:iron_sword":37,"minecraft:stone_hoe":16,"minecraft:cooked_chicken":5,"minecraft:iron_chestplate":1,"minecraft:torch":207,"minecraft:dirt":24,"minecraft:white_carpet":1,"minecraft:iron_axe":205,"biomesoplenty:tall_lavender":1,"croptopia:peach":7,"minecraft:oak_sapling":9,"minecraft:furnace":9,"minecraft:egg":3,"minecraft:cooked_beef":23,"biomesoplenty:jacaranda_fence":49,"minecraft:wheat_seeds":28,"minecraft:cooked_mutton":13,"minecraft:water_bucket":2,"minecraft:stone_pickaxe":182,"croptopia:walnut":5,"minecraft:wooden_pickaxe":9,"minecraft:crafting_table":10,"minecraft:white_bed":6,"minecraft:oak_log":10,"croptopia:nectarine":3,"minecraft:apple":10,"minecraft:bread":1,"minecraft:iron_pickaxe":269,"minecraft:stone_axe":166,"minecraft:wooden_sword":7,"minecraft:cobblestone":70,"minecraft:cooked_porkchop":4,"minecraft:andesite":4,"minecraft:bucket":3,"minecraft:bone_meal":6},"minecraft:picked_up":{"biomesoplenty:redwood_log":19,"minecraft:charcoal":15,"spore:mutated_heart":1,"minecraft:crafting_table":4,"minecraft:wheat":8,"minecraft:ladder":1,"minecraft:chicken":6,"croptopia:peach":7,"minecraft:lead":3,"biomesoplenty:jacaranda_sapling":33,"biomesoplenty:jacaranda_fence_gate":1,"minecraft:raw_copper":38,"minecraft:string":3,"biomesoplenty:jacaranda_fence":18,"biomesoplenty:tall_lavender":19,"biomesoplenty:redwood_slab":1,"minecraft:beef":34,"minecraft:oak_boat":1,"minecraft:light_gray_wool":1,"biomesoplenty:redwood_wood":30,"minecraft:sugar_cane":128,"minecraft:chest":1,"minecraft:birch_sapling":3,"minecraft:spruce_trapdoor":1,"minecraft:furnace":4,"minecraft:egg":7,"spore:tumor":2,"minecraft:dark_oak_sapling":2,"minecraft:stick":57,"minecraft:raw_iron":67,"minecraft:torch":15,"minecraft:porkchop":4,"vampirism:vampire_fang":1,"minecraft:diorite":3,"minecraft:vine":2,"minecraft:redstone":23,"minecraft:dark_oak_planks":3,"crafting_on_a_stick:crafting_table":1,"monsterplus:crystal_clump":1,"minecraft:stone_sword":1,"minecraft:arrow":18,"minecraft:rotten_flesh":6,"biomesoplenty:jacaranda_log":41,"minecraft:glow_berries":3,"spore:tendons":6,"minecraft:mutton":30,"minecraft:white_wool":19,"minecraft:cobblestone":250,"minecraft:birch_log":7,"biomesoplenty:lavender":167,"minecraft:feather":4,"minecraft:glow_ink_sac":1,"croptopia:nectarine":3,"minecraft:andesite":9,"minecraft:leather":10,"minecraft:oak_log":152,"evilcraft:flesh_humanoid":6,"croptopia:walnut":5,"mca:book_romance":1,"minecraft:lapis_lazuli":39,"minecraft:dirt":86,"minecraft:cooked_mutton":6,"minecraft:bone":20,"minecraft:apple":11,"minecraft:bow":2,"minecraft:wheat_seeds":35,"minecraft:cooked_chicken":2,"spore:mutated_fiber":11,"croptopia:lime":7,"minecraft:iron_sword":2,"spore:cerebrum":3,"spore:armor_fragment":8,"minecraft:sand":8,"minecraft:white_bed":3,"minecraft:spectral_arrow":1,"minecraft:dark_oak_log":5,"biomesoplenty:flowering_oak_sapling":5,"spore:claw_fragment":3,"minecraft:deepslate":3,"monsterplus:crystal_shard":2,"evilcraft:dark_gem":79,"minecraft:iron_helmet":1,"minecraft:granite":26,"minecraft:gray_wool":1,"minecraft:oak_sapling":55,"minecraft:black_wool":1,"minecraft:coal":60,"iceandfire:raw_silver":6},"minecraft:broken":{"minecraft:stone_pickaxe":1,"minecraft:shield":1,"minecraft:stone_axe":1,"minecraft:iron_pickaxe":1},"minecraft:crafted":{"minecraft:wooden_sword":1,"minecraft:oak_planks":84,"minecraft:cooked_chicken":5,"minecraft:furnace":5,"minecraft:bone_meal":21,"minecraft:white_carpet":3,"minecraft:cooked_mutton":16,"minecraft:iron_axe":1,"minecraft:stone_pickaxe":3,"minecraft:chest":6,"minecraft:dark_oak_planks":20,"minecraft:stone_hoe":1,"minecraft:cooked_beef":23,"biomesoplenty:jacaranda_planks":164,"minecraft:cooked_porkchop":4,"minecraft:crafting_table":6,"minecraft:wooden_pickaxe":1,"minecraft:iron_sword":1,"biomesoplenty:jacaranda_fence_gate":1,"minecraft:bucket":1,"minecraft:stone_axe":2,"minecraft:bread":1,"minecraft:air":0,"biomesoplenty:jacaranda_fence":57,"minecraft:iron_chestplate":1,"minecraft:charcoal":38,"minecraft:shield":1,"minecraft:stick":76,"minecraft:iron_ingot":37,"minecraft:iron_pickaxe":2,"spore:plated_muscle":2,"minecraft:stone_sword":2,"minecraft:iron_shovel":1,"minecraft:white_bed":3,"minecraft:torch":192,"minecraft:shears":1}},"DataVersion":3465}