{"stats":{"minecraft:crafted":{"jet_and_elias_armors:the_dames_armor_chestplate":1,"minecraft:oak_planks":96,"minecraft:cooked_chicken":19,"iceandfire:silver_shovel":2,"minecraft:heavy_weighted_pressure_plate":16,"minecraft:cooked_mutton":34,"minecraft:iron_bars":16,"minecraft:glass":16,"minecraft:iron_boots":1,"jet_and_elias_armors:mercenary_gear_chestplate":1,"vampirism:altar_inspiration":1,"spore:fleshy_bone":2,"spore:fleshy_claw":3,"minecraft:chest":4,"jet_and_elias_armors:sentinel_set_boots":1,"iceandfire:silver_axe":3,"minecraft:glass_bottle":9,"minecraft:oak_slab":12,"sophisticatedbackpacks:backpack":2,"biomesoplenty:jacaranda_planks":108,"minecraft:cooked_porkchop":27,"minecraft:crafting_table":12,"minecraft:wooden_pickaxe":1,"minecraft:iron_helmet":2,"jet_and_elias_armors:bandit_armor_boots":1,"spore:armads":1,"minecraft:iron_chestplate":1,"minecraft:shield":5,"minecraft:stick":112,"minecraft:iron_ingot":118,"minecraft:iron_pickaxe":3,"spore:plated_muscle":4,"minecraft:iron_block":3,"minecraft:sandstone":112,"jet_and_elias_armors:the_dames_armor_leggings":1,"minecraft:wooden_sword":1,"minecraft:iron_nugget":9,"comforts:sleeping_bag_white":1,"minecraft:furnace":5,"minecraft:glass_pane":16,"vampirism:injection_empty":1,"jet_and_elias_armors:mercenary_gear_helmet":1,"minecraft:ladder":24,"minecraft:stone_pickaxe":2,"spore:armor_plate":1,"jet_and_elias_armors:sentinel_set_helmet":2,"minecraft:cooked_beef":26,"spore:living_core":1,"iceandfire:silver_ingot":16,"biomesoplenty:redwood_planks":64,"minecraft:iron_sword":1,"minecraft:cooked_salmon":6,"minecraft:bucket":1,"minecraft:air":0,"spore:living_pants":1,"minecraft:wooden_axe":1,"minecraft:iron_shovel":1,"minecraft:white_bed":1,"vampirism:blood_container":1,"spore:nerves":8,"jet_and_elias_armors:mercenary_gear_leggings":1,"minecraft:torch":84,"iceandfire:silver_pickaxe":1},"minecraft:picked_up":{"minecraft:seagrass":2,"spore:mutated_heart":4,"minecraft:iron_chestplate":1,"minecraft:string":19,"spore:innards":1,"evilcraft:ender_tear":1,"minecraft:raw_copper":2,"minecraft:cooked_salmon":2,"minecraft:iron_leggings":1,"biomesoplenty:tall_lavender":3,"jet_and_elias_armors:mercenary_gear_chestplate":1,"comforts:sleeping_bag_white":5,"biomesoplenty:redwood_wood":10,"minecraft:furnace":55,"minecraft:iron_boots":2,"iceandfire:pixie_dust":2,"minecraft:stick":32,"spore:plated_muscle":2,"minecraft:torch":9,"minecraft:porkchop":59,"iceandfire:rotten_egg":1,"minecraft:diorite":105,"monsterplus:crystal_clump":1,"vampirism:blood_bottle":3,"minecraft:rotten_flesh":32,"croptopia:persimmon":7,"minecraft:cobblestone":812,"biomesoplenty:lavender":52,"minecraft:birch_log":1,"minecraft:feather":29,"minecraft:andesite":47,"minecraft:brown_wool":3,"vampirism:stake":1,"evilcraft:flesh_humanoid":1,"minecraft:dirt":126,"minecraft:glass":11,"minecraft:bone":39,"minecraft:wheat_seeds":4,"minecraft:glowstone_dust":3,"croptopia:roe":10,"spore:biomass_block":20,"croptopia:lime":6,"minecraft:oak_planks":65,"spore:cerebrum":2,"minecraft:cooked_porkchop":8,"spore:armor_fragment":14,"minecraft:jungle_planks":7,"minecraft:sand":811,"minecraft:spectral_arrow":2,"spore:claw_fragment":19,"minecraft:granite":8,"minecraft:bone_meal":1,"spore:spine_fragment":6,"biomesoplenty:pink_daffodil":3,"minecraft:oak_sapling":10,"iceandfire:raw_silver":16,"biomesoplenty:redwood_log":66,"minecraft:crafting_table":25,"minecraft:allium":1,"minecraft:chicken":33,"minecraft:ladder":2,"biomesoplenty:jacaranda_sapling":16,"minecraft:shield":1,"minecraft:iron_axe":1,"croptopia:avocado":2,"minecraft:beef":32,"vampirism:injection_empty":1,"minecraft:iron_nugget":7,"minecraft:light_gray_wool":1,"minecraft:chest":2,"minecraft:egg":19,"spore:tumor":3,"minecraft:raw_iron":113,"minecraft:sandstone":50,"minecraft:stone":6,"spore:wing_membrane":7,"minecraft:arrow":16,"biomesoplenty:jacaranda_log":60,"vampirism:altar_inspiration":2,"minecraft:gold_ingot":2,"biomesoplenty:redwood_sapling":3,"minecraft:glow_berries":2,"spore:tendons":12,"minecraft:mutton":50,"minecraft:white_wool":26,"vampirism:vampire_blood_bottle":1,"vampirism:item_tent":3,"spore:rooted_biomass":21,"minecraft:salmon":8,"minecraft:leather":33,"minecraft:oak_log":28,"iceandfire:ectoplasm":2,"minecraft:gunpowder":10,"vampirism:human_heart":4,"minecraft:apple":2,"minecraft:iron_ingot":13,"minecraft:stone_pickaxe":2,"spore:spine":2,"spore:mutated_fiber":93,"minecraft:iron_sword":1,"minecraft:oak_slab":10,"minecraft:gravel":3,"minecraft:white_bed":1,"minecraft:spider_eye":5,"minecraft:stone_axe":1,"monsterplus:crystal_shard":1,"evilcraft:dark_gem":13,"minecraft:black_wool":3,"minecraft:coal":637},"minecraft:custom":{"minecraft:interact_with_crafting_table":120,"minecraft:leave_game":11,"minecraft:time_since_death":81619,"minecraft:sprint_one_cm":1108509,"minecraft:damage_blocked_by_shield":11023,"minecraft:drop":158,"minecraft:play_time":323257,"minecraft:deaths":10,"minecraft:jump":7177,"minecraft:walk_on_water_one_cm":50833,"vampirism:altar_of_inspiration_rituals_performed":1,"minecraft:interact_with_furnace":342,"minecraft:sleep_in_bed":7,"minecraft:damage_dealt":32771,"minecraft:crouch_one_cm":95460,"minecraft:mob_kills":213,"minecraft:climb_one_cm":4289,"vampirism:amount_bitten":231,"minecraft:walk_one_cm":469069,"vampirism:skills_unlocked":2,"vampirism:interact_with_altar_inspiration":11,"minecraft:sneak_time":29166,"minecraft:walk_under_water_one_cm":36991,"minecraft:boat_one_cm":114750,"minecraft:total_world_time":323257,"vampirism:blood_drunk":26900,"minecraft:time_since_rest":81649,"vampirism:resurrected":2,"minecraft:damage_taken":10002,"minecraft:trigger_trapped_chest":1,"minecraft:swim_one_cm":237565,"minecraft:fly_one_cm":1439349,"minecraft:open_chest":28,"minecraft:fall_one_cm":207366},"minecraft:killed":{"vampirism:vampire":3,"vampirism:advanced_vampire":2,"spore:braiomil":1,"minecraft:spider":9,"minecraft:skeleton":9,"minecraft:chicken":33,"minecraft:silverfish":2,"vampirism:advanced_hunter":2,"spore:spitter":1,"minecraft:wolf":3,"minecraft:pig":11,"spore:inf_player":5,"spore:inf_wanderer":1,"minecraft:salmon":10,"spore:inf_evoker":1,"spore:scamper":2,"spore:inf_drowned":1,"minecraft:creeper":3,"vampirism:hunter":4,"minecraft:sheep":30,"spore:inf_villager":2,"minecraft:pillager":1,"spore:mound":2,"spore:inf_human":3,"minecraft:zombie":8,"spore:knight":3,"minecraft:cow":17,"minecraft:drowned":2,"spore:inf_pillager":2,"iceandfire:ghost":6,"spore:inf_witch":2,"spore:claw":1,"spore:busser":3,"monsterplus:overgrown_skeleton":3,"minecraft:enderman":1},"minecraft:broken":{"minecraft:iron_shovel":1,"iceandfire:silver_pickaxe":1,"minecraft:stone_pickaxe":1,"jet_and_elias_armors:mercenary_gear_helmet":1,"iceandfire:silver_shovel":1,"minecraft:shield":3,"jet_and_elias_armors:mercenary_gear_leggings":1,"minecraft:iron_pickaxe":1},"minecraft:killed_by":{"monsterplus:crystal_zombie":1,"spore:inf_pillager":1,"minecraft:spider":1,"monsterplus:glow_skeleton":2,"mutantmonsters:mutant_skeleton":1,"minecraft:skeleton":1,"iceandfire:ghost":2},"minecraft:dropped":{"minecraft:iron_sword":2,"spore:spine_fragment":2,"minecraft:porkchop":20,"biomesoplenty:pink_daffodil":3,"minecraft:cooked_beef":4,"minecraft:oak_log":4,"vampirism:human_heart":1,"iceandfire:silver_axe":2,"minecraft:crafting_table":1,"minecraft:cooked_porkchop":12,"minecraft:glow_berries":1,"iceandfire:ectoplasm":1,"jet_and_elias_armors:sentinel_set_helmet":1,"minecraft:dirt":58,"vampirism:injection_empty":2,"biomesoplenty:redwood_log":50,"minecraft:mutton":10,"minecraft:seagrass":2,"minecraft:wooden_sword":1,"minecraft:bone_meal":1,"minecraft:sand":10,"minecraft:iron_pickaxe":1,"minecraft:gold_ingot":2,"minecraft:bone":7,"minecraft:gravel":3,"minecraft:stone_axe":1,"minecraft:iron_nugget":14,"minecraft:cooked_chicken":16,"jet_and_elias_armors:mercenary_gear_chestplate":1,"minecraft:rotten_flesh":27,"minecraft:oak_planks":65,"minecraft:glowstone_dust":3,"iceandfire:silver_shovel":1,"minecraft:cooked_mutton":5,"minecraft:gunpowder":10,"vampirism:vampire_blood_bottle":1,"minecraft:chest":1,"minecraft:arrow":16,"minecraft:beef":3,"minecraft:glass":3,"biomesoplenty:tall_lavender":3,"minecraft:egg":3,"minecraft:oak_slab":10,"biomesoplenty:jacaranda_sapling":16,"minecraft:wheat_seeds":3,"biomesoplenty:lavender":50,"minecraft:feather":4,"minecraft:cobblestone":33,"minecraft:spectral_arrow":2,"minecraft:apple":1,"minecraft:granite":8,"minecraft:coal":8,"minecraft:stick":5,"mca:book_romance":1,"minecraft:diorite":8,"minecraft:torch":6,"minecraft:wooden_axe":1,"minecraft:cooked_salmon":3,"minecraft:potion":1,"minecraft:string":2,"minecraft:bucket":1,"spore:claw_fragment":2,"minecraft:raw_copper":2,"minecraft:chicken":13,"minecraft:iron_boots":2,"sophisticatedbackpacks:backpack":2,"spore:mutated_fiber":2,"minecraft:glass_pane":15,"minecraft:shield":2,"minecraft:allium":1,"minecraft:iron_chestplate":1,"minecraft:andesite":4,"iceandfire:silver_ingot":3,"minecraft:oak_sapling":9,"croptopia:roe":9,"minecraft:spider_eye":5,"minecraft:stone_pickaxe":2,"minecraft:wooden_pickaxe":1,"minecraft:black_wool":1},"minecraft:used":{"minecraft:iron_shovel":278,"minecraft:ladder":21,"minecraft:shield":205,"minecraft:chest":3,"minecraft:iron_sword":1,"minecraft:rotten_flesh":5,"jet_and_elias_armors:mercenary_gear_chestplate":1,"minecraft:glass":1,"croptopia:lime":6,"minecraft:furnace":60,"croptopia:roe":1,"minecraft:egg":3,"minecraft:diorite":43,"spore:armads":44,"minecraft:stone_pickaxe":206,"minecraft:oak_planks":15,"minecraft:wooden_pickaxe":3,"minecraft:sandstone":154,"minecraft:glow_berries":2,"minecraft:sand":24,"iceandfire:silver_axe":1139,"iceandfire:silver_pickaxe":465,"minecraft:brown_wool":1,"croptopia:avocado":2,"jet_and_elias_armors:bandit_armor_boots":1,"minecraft:wooden_sword":4,"minecraft:birch_log":1,"minecraft:andesite":1,"minecraft:cooked_salmon":5,"minecraft:cooked_chicken":3,"minecraft:torch":82,"minecraft:dirt":68,"minecraft:wooden_axe":23,"minecraft:iron_axe":30,"jet_and_elias_armors:mercenary_gear_leggings":1,"evilcraft:flesh_humanoid":1,"croptopia:persimmon":7,"comforts:sleeping_bag_white":5,"minecraft:cooked_beef":19,"minecraft:cooked_mutton":29,"minecraft:water_bucket":8,"vampirism:altar_inspiration":3,"monsterplus:crystal_clump":1,"jet_and_elias_armors:mercenary_gear_helmet":1,"minecraft:glass_bottle":1,"minecraft:crafting_table":36,"minecraft:white_bed":2,"minecraft:apple":1,"minecraft:iron_pickaxe":663,"minecraft:cobblestone":275,"minecraft:cooked_porkchop":23,"minecraft:bucket":9,"iceandfire:silver_shovel":550},"minecraft:mined":{"spore:fungal_roots":7,"minecraft:white_bed":1,"spore:wall_growths":48,"minecraft:granite":4,"croptopia:lime_crop":6,"minecraft:grass_block":25,"minecraft:brown_wool":1,"spore:fungal_stem":34,"biomesoplenty:flowering_oak_leaves":1,"vampirism:weapon_table":1,"comforts:sleeping_bag_white":1,"spore:mycelium_veins":3,"biomesoplenty:tall_lavender":4,"minecraft:iron_ore":112,"spore:infested_stone":7,"biomesoplenty:lavender":37,"spore:growth_mycelium":32,"vampirism:tent":2,"biomesoplenty:redwood_log":36,"biomesoplenty:jacaranda_leaves":1,"spore:growths_big":33,"minecraft:torch":1,"minecraft:cobblestone":19,"spore:biomass_block":29,"minecraft:wall_torch":1,"spore:fungal_stem_sapling":2,"minecraft:birch_log":1,"minecraft:lilac":1,"croptopia:avocado_crop":2,"minecraft:grass":64,"biomesoplenty:clover":4,"minecraft:oak_log":27,"minecraft:sand":790,"minecraft:dirt":35,"minecraft:oak_leaves":24,"spore:remains":1,"spore:wall_growths_big":61,"iceandfire:silver_ore":16,"vampirism:altar_inspiration":2,"minecraft:glow_lichen":1,"minecraft:ladder":2,"biomesoplenty:bush":49,"minecraft:allium":2,"minecraft:jungle_planks":7,"spore:rooted_biomass":25,"spore:growths_small":32,"minecraft:sandstone":50,"biomesoplenty:dune_grass":53,"biomesoplenty:jacaranda_log":60,"minecraft:furnace":55,"spore:blomfung":22,"minecraft:andesite":39,"evilcraft:dark_ore":3,"spore:organite":1,"biomesoplenty:sea_oats":84,"biomesoplenty:high_grass":25,"spore:hive_spawn":1,"biomesoplenty:barley":9,"minecraft:stone":727,"vampirism:tent_main":1,"minecraft:crafting_table":25,"biomesoplenty:high_grass_plant":28,"minecraft:tall_grass":2,"biomesoplenty:sprout":2,"biomesoplenty:huge_clover_petal":2,"minecraft:diorite":110,"spore:bloomfung2":39,"biomesoplenty:pink_daffodil":2,"minecraft:birch_leaves":2,"spore:fungal_stem_top":12,"minecraft:coal_ore":153,"minecraft:cobweb":1,"biomesoplenty:redwood_wood":10,"minecraft:infested_stone":1}},"DataVersion":3465}