{"stats":{"minecraft:mined":{"spore:fungal_roots":7,"spore:wall_growths_big":60,"iceandfire:silver_ore":16,"spore:wall_growths":48,"biomesoplenty:bush":49,"minecraft:glow_lichen":1,"minecraft:granite":4,"croptopia:lime_crop":6,"minecraft:allium":2,"minecraft:grass_block":18,"biomesoplenty:flowering_oak_leaves":1,"spore:fungal_stem":34,"spore:rooted_biomass":25,"spore:growths_small":32,"comforts:sleeping_bag_white":1,"spore:mycelium_veins":3,"biomesoplenty:tall_lavender":2,"minecraft:furnace":46,"minecraft:iron_ore":34,"spore:blomfung":20,"biomesoplenty:lavender":8,"minecraft:andesite":7,"evilcraft:dark_ore":3,"spore:growth_mycelium":32,"spore:organite":1,"biomesoplenty:high_grass":25,"biomesoplenty:redwood_log":36,"spore:hive_spawn":1,"biomesoplenty:barley":9,"minecraft:stone":270,"spore:growths_big":33,"minecraft:crafting_table":21,"biomesoplenty:high_grass_plant":28,"minecraft:tall_grass":2,"minecraft:cobblestone":8,"spore:biomass_block":29,"biomesoplenty:sprout":2,"biomesoplenty:huge_clover_petal":2,"minecraft:diorite":28,"minecraft:wall_torch":1,"spore:fungal_stem_sapling":2,"spore:bloomfung2":39,"minecraft:birch_log":1,"biomesoplenty:pink_daffodil":2,"minecraft:lilac":1,"minecraft:birch_leaves":2,"croptopia:avocado_crop":2,"spore:fungal_stem_top":12,"minecraft:grass":46,"biomesoplenty:clover":2,"minecraft:coal_ore":128,"minecraft:oak_log":23,"minecraft:dirt":23,"minecraft:cobweb":1,"biomesoplenty:redwood_wood":10,"minecraft:oak_leaves":21},"minecraft:custom":{"minecraft:mob_kills":135,"minecraft:interact_with_crafting_table":51,"minecraft:leave_game":9,"minecraft:time_since_death":3356,"minecraft:climb_one_cm":449,"minecraft:sprint_one_cm":665866,"minecraft:walk_one_cm":230506,"minecraft:damage_blocked_by_shield":7960,"minecraft:drop":91,"minecraft:play_time":179608,"minecraft:sneak_time":21218,"minecraft:deaths":9,"minecraft:walk_under_water_one_cm":21203,"minecraft:jump":4895,"minecraft:walk_on_water_one_cm":28819,"minecraft:total_world_time":179608,"minecraft:interact_with_furnace":255,"minecraft:sleep_in_bed":2,"minecraft:time_since_rest":3392,"minecraft:damage_taken":7258,"minecraft:trigger_trapped_chest":1,"minecraft:damage_dealt":21576,"minecraft:swim_one_cm":129352,"minecraft:open_chest":2,"minecraft:fly_one_cm":1010790,"minecraft:crouch_one_cm":70777,"minecraft:fall_one_cm":167027},"minecraft:used":{"minecraft:shield":161,"minecraft:cooked_salmon":5,"minecraft:iron_sword":1,"minecraft:cooked_chicken":2,"minecraft:rotten_flesh":5,"minecraft:torch":8,"minecraft:dirt":54,"jet_and_elias_armors:mercenary_gear_chestplate":1,"minecraft:wooden_axe":23,"jet_and_elias_armors:mercenary_gear_leggings":1,"evilcraft:flesh_humanoid":1,"croptopia:persimmon":7,"croptopia:lime":6,"minecraft:furnace":48,"croptopia:roe":1,"minecraft:egg":3,"comforts:sleeping_bag_white":2,"minecraft:cooked_beef":19,"minecraft:cooked_mutton":19,"minecraft:water_bucket":4,"minecraft:diorite":17,"monsterplus:crystal_clump":1,"jet_and_elias_armors:mercenary_gear_helmet":1,"minecraft:stone_pickaxe":206,"minecraft:oak_planks":15,"minecraft:wooden_pickaxe":3,"minecraft:crafting_table":27,"iceandfire:silver_axe":890,"minecraft:apple":1,"minecraft:iron_pickaxe":360,"croptopia:avocado":2,"jet_and_elias_armors:bandit_armor_boots":1,"minecraft:wooden_sword":4,"minecraft:cobblestone":176,"minecraft:cooked_porkchop":23,"minecraft:andesite":1,"minecraft:bucket":5,"minecraft:birch_log":1},"minecraft:killed_by":{"minecraft:spider":1,"monsterplus:crystal_zombie":1,"spore:inf_pillager":1,"monsterplus:glow_skeleton":2,"minecraft:skeleton":1,"iceandfire:ghost":2},"minecraft:picked_up":{"biomesoplenty:redwood_log":66,"minecraft:iron_chestplate":1,"minecraft:crafting_table":21,"spore:mutated_heart":2,"minecraft:allium":1,"minecraft:chicken":15,"spore:innards":1,"minecraft:string":5,"evilcraft:ender_tear":1,"minecraft:cooked_salmon":2,"minecraft:raw_copper":2,"biomesoplenty:tall_lavender":2,"comforts:sleeping_bag_white":2,"croptopia:avocado":2,"minecraft:beef":29,"biomesoplenty:redwood_wood":10,"minecraft:iron_boots":2,"minecraft:furnace":47,"minecraft:egg":10,"minecraft:raw_iron":35,"minecraft:stick":16,"spore:tumor":3,"spore:plated_muscle":2,"spore:wing_membrane":4,"minecraft:torch":1,"minecraft:porkchop":29,"iceandfire:rotten_egg":1,"minecraft:diorite":24,"monsterplus:crystal_clump":1,"minecraft:arrow":16,"minecraft:rotten_flesh":14,"croptopia:persimmon":7,"minecraft:gold_ingot":2,"biomesoplenty:redwood_sapling":3,"spore:tendons":12,"minecraft:mutton":39,"minecraft:birch_log":1,"minecraft:white_wool":22,"minecraft:cobblestone":347,"biomesoplenty:lavender":8,"minecraft:feather":13,"vampirism:vampire_blood_bottle":1,"spore:rooted_biomass":21,"minecraft:andesite":15,"minecraft:salmon":8,"minecraft:leather":20,"minecraft:brown_wool":1,"minecraft:oak_log":24,"evilcraft:flesh_humanoid":1,"iceandfire:ectoplasm":2,"minecraft:gunpowder":10,"minecraft:dirt":106,"minecraft:bone":7,"minecraft:apple":1,"minecraft:wheat_seeds":4,"minecraft:stone_pickaxe":2,"spore:spine":2,"spore:mutated_fiber":72,"minecraft:glowstone_dust":3,"croptopia:roe":8,"spore:biomass_block":20,"minecraft:iron_sword":1,"minecraft:oak_planks":62,"croptopia:lime":6,"minecraft:oak_slab":10,"spore:cerebrum":1,"minecraft:cooked_porkchop":8,"spore:armor_fragment":11,"minecraft:gravel":3,"minecraft:spectral_arrow":2,"minecraft:spider_eye":1,"spore:claw_fragment":14,"minecraft:stone_axe":1,"monsterplus:crystal_shard":1,"evilcraft:dark_gem":13,"minecraft:granite":8,"minecraft:bone_meal":1,"spore:spine_fragment":5,"biomesoplenty:pink_daffodil":3,"minecraft:oak_sapling":9,"minecraft:black_wool":3,"minecraft:coal":513,"iceandfire:raw_silver":16},"minecraft:killed":{"vampirism:vampire":1,"vampirism:advanced_vampire":1,"spore:braiomil":1,"minecraft:spider":4,"minecraft:skeleton":8,"minecraft:chicken":15,"minecraft:drowned":2,"spore:spitter":1,"minecraft:pig":11,"spore:inf_player":1,"minecraft:salmon":10,"spore:scamper":2,"minecraft:creeper":3,"minecraft:sheep":28,"spore:inf_villager":2,"minecraft:pillager":1,"spore:mound":2,"minecraft:zombie":6,"iceandfire:ghost":6,"spore:inf_witch":2,"spore:claw":1,"spore:busser":1,"monsterplus:overgrown_skeleton":1,"spore:knight":3,"minecraft:enderman":1,"minecraft:cow":17},"minecraft:crafted":{"minecraft:wooden_sword":1,"minecraft:oak_planks":96,"minecraft:iron_nugget":9,"comforts:sleeping_bag_white":1,"minecraft:cooked_chicken":5,"minecraft:furnace":5,"minecraft:heavy_weighted_pressure_plate":4,"minecraft:cooked_mutton":34,"jet_and_elias_armors:mercenary_gear_helmet":1,"jet_and_elias_armors:mercenary_gear_chestplate":1,"minecraft:stone_pickaxe":2,"minecraft:chest":2,"iceandfire:silver_axe":3,"minecraft:cooked_beef":26,"spore:living_core":1,"minecraft:oak_slab":12,"sophisticatedbackpacks:backpack":1,"iceandfire:silver_ingot":16,"minecraft:cooked_porkchop":27,"minecraft:crafting_table":7,"biomesoplenty:redwood_planks":64,"minecraft:wooden_pickaxe":1,"jet_and_elias_armors:bandit_armor_boots":1,"minecraft:iron_sword":1,"minecraft:cooked_salmon":6,"minecraft:bucket":1,"minecraft:air":0,"spore:living_pants":1,"minecraft:shield":4,"minecraft:stick":16,"minecraft:iron_ingot":33,"minecraft:iron_pickaxe":2,"spore:plated_muscle":4,"minecraft:wooden_axe":1,"jet_and_elias_armors:mercenary_gear_leggings":1,"minecraft:torch":28},"minecraft:broken":{"minecraft:stone_pickaxe":1,"minecraft:shield":2},"minecraft:dropped":{"minecraft:iron_sword":2,"spore:spine_fragment":2,"minecraft:oak_slab":10,"minecraft:wheat_seeds":3,"biomesoplenty:pink_daffodil":3,"minecraft:cooked_beef":4,"iceandfire:silver_axe":2,"minecraft:crafting_table":1,"minecraft:cooked_porkchop":10,"biomesoplenty:lavender":8,"minecraft:feather":4,"minecraft:cobblestone":33,"minecraft:spectral_arrow":2,"minecraft:granite":8,"iceandfire:ectoplasm":1,"minecraft:stick":5,"minecraft:dirt":35,"mca:book_romance":1,"minecraft:diorite":7,"biomesoplenty:redwood_log":50,"minecraft:mutton":1,"minecraft:wooden_axe":1,"minecraft:cooked_salmon":3,"minecraft:wooden_sword":1,"minecraft:bone_meal":1,"minecraft:iron_pickaxe":1,"minecraft:gold_ingot":2,"minecraft:bone":7,"minecraft:gravel":3,"minecraft:stone_axe":1,"minecraft:raw_copper":2,"minecraft:rotten_flesh":2,"minecraft:oak_planks":62,"minecraft:iron_boots":2,"minecraft:glowstone_dust":3,"spore:mutated_fiber":2,"minecraft:shield":1,"minecraft:gunpowder":10,"vampirism:vampire_blood_bottle":1,"minecraft:allium":1,"minecraft:iron_chestplate":1,"minecraft:andesite":4,"iceandfire:silver_ingot":3,"minecraft:oak_sapling":9,"minecraft:chest":1,"croptopia:roe":7,"minecraft:spider_eye":1,"minecraft:arrow":16,"minecraft:stone_pickaxe":2,"minecraft:wooden_pickaxe":1,"biomesoplenty:tall_lavender":2,"minecraft:black_wool":1}},"DataVersion":3465}