{"stats":{"minecraft:killed_by":{"monsterplus:crystal_zombie":1,"monsterplus:glow_skeleton":2,"minecraft:skeleton":1,"iceandfire:ghost":1},"minecraft:killed":{"vampirism:vampire":1,"minecraft:spider":4,"minecraft:skeleton":7,"minecraft:chicken":5,"minecraft:drowned":1,"spore:spitter":1,"minecraft:pig":9,"minecraft:salmon":10,"spore:scamper":1,"minecraft:creeper":3,"minecraft:sheep":15,"minecraft:zombie":3,"spore:inf_witch":2,"spore:claw":1,"monsterplus:overgrown_skeleton":1,"minecraft:enderman":1,"minecraft:cow":9,"chococraft:chocobo":2},"minecraft:custom":{"minecraft:mob_kills":77,"minecraft:interact_with_crafting_table":28,"minecraft:leave_game":4,"minecraft:time_since_death":1748,"minecraft:climb_one_cm":449,"minecraft:sprint_one_cm":379007,"minecraft:walk_one_cm":131387,"minecraft:damage_blocked_by_shield":4155,"minecraft:drop":56,"minecraft:play_time":106363,"minecraft:deaths":6,"minecraft:sneak_time":16228,"minecraft:walk_under_water_one_cm":16595,"minecraft:jump":2843,"minecraft:walk_on_water_one_cm":17369,"minecraft:total_world_time":106363,"minecraft:interact_with_furnace":198,"minecraft:time_since_rest":1763,"minecraft:damage_taken":3116,"minecraft:trigger_trapped_chest":1,"minecraft:damage_dealt":10613,"minecraft:swim_one_cm":67951,"minecraft:fly_one_cm":559986,"minecraft:open_chest":1,"minecraft:crouch_one_cm":39468,"minecraft:fall_one_cm":104070},"minecraft:dropped":{"minecraft:oak_slab":10,"minecraft:wheat_seeds":2,"minecraft:cooked_beef":4,"iceandfire:silver_axe":1,"minecraft:cooked_porkchop":2,"minecraft:feather":4,"biomesoplenty:lavender":8,"minecraft:cobblestone":17,"minecraft:spectral_arrow":2,"minecraft:granite":8,"chococraft:gysahl_green_seeds":1,"minecraft:dirt":1,"mca:book_romance":1,"minecraft:diorite":7,"minecraft:wooden_axe":1,"minecraft:cooked_salmon":3,"minecraft:wooden_sword":1,"minecraft:bone_meal":1,"minecraft:iron_pickaxe":1,"minecraft:gravel":3,"minecraft:raw_copper":2,"chococraft:chocobo_feather":8,"minecraft:rotten_flesh":2,"minecraft:iron_boots":2,"spore:mutated_fiber":2,"minecraft:allium":1,"minecraft:iron_chestplate":1,"minecraft:andesite":4,"iceandfire:silver_ingot":3,"minecraft:oak_sapling":9,"croptopia:roe":7,"minecraft:wooden_pickaxe":1,"minecraft:stone_pickaxe":2,"biomesoplenty:tall_lavender":2,"minecraft:black_wool":1},"minecraft:crafted":{"minecraft:wooden_sword":1,"minecraft:oak_planks":96,"chococraft:chocobo_drumstick_cooked":2,"minecraft:iron_nugget":9,"minecraft:cooked_chicken":5,"minecraft:furnace":5,"minecraft:heavy_weighted_pressure_plate":4,"minecraft:cooked_mutton":15,"jet_and_elias_armors:mercenary_gear_helmet":1,"jet_and_elias_armors:mercenary_gear_chestplate":1,"minecraft:stone_pickaxe":2,"iceandfire:silver_axe":2,"minecraft:cooked_beef":18,"minecraft:oak_slab":12,"iceandfire:silver_ingot":16,"minecraft:cooked_porkchop":22,"minecraft:crafting_table":3,"minecraft:wooden_pickaxe":1,"jet_and_elias_armors:bandit_armor_boots":1,"minecraft:cooked_salmon":6,"minecraft:bucket":1,"minecraft:air":0,"minecraft:shield":2,"minecraft:stick":12,"minecraft:iron_ingot":33,"minecraft:iron_pickaxe":2,"minecraft:wooden_axe":1,"jet_and_elias_armors:mercenary_gear_leggings":1,"minecraft:torch":28},"minecraft:used":{"minecraft:shield":90,"minecraft:cooked_salmon":5,"minecraft:cooked_chicken":2,"minecraft:rotten_flesh":5,"minecraft:torch":2,"minecraft:dirt":51,"chococraft:chocobo_drumstick_cooked":2,"jet_and_elias_armors:mercenary_gear_chestplate":1,"chococraft:chocobo_drumstick_raw":1,"minecraft:wooden_axe":23,"jet_and_elias_armors:mercenary_gear_leggings":1,"evilcraft:flesh_humanoid":1,"croptopia:persimmon":7,"croptopia:lime":6,"minecraft:furnace":39,"croptopia:roe":1,"minecraft:egg":3,"minecraft:cooked_beef":4,"minecraft:cooked_mutton":11,"minecraft:water_bucket":2,"minecraft:diorite":17,"monsterplus:crystal_clump":1,"jet_and_elias_armors:mercenary_gear_helmet":1,"minecraft:stone_pickaxe":206,"minecraft:oak_planks":15,"minecraft:wooden_pickaxe":3,"minecraft:crafting_table":17,"iceandfire:silver_axe":273,"minecraft:apple":1,"minecraft:iron_pickaxe":286,"croptopia:avocado":2,"jet_and_elias_armors:bandit_armor_boots":1,"minecraft:wooden_sword":4,"minecraft:cobblestone":109,"minecraft:cooked_porkchop":2,"minecraft:andesite":1,"minecraft:birch_log":1,"minecraft:bucket":3,"chococraft:gysahl_green":1},"minecraft:mined":{"iceandfire:silver_ore":16,"minecraft:granite":4,"minecraft:glow_lichen":1,"croptopia:lime_crop":6,"biomesoplenty:bush":27,"minecraft:allium":1,"minecraft:grass_block":18,"biomesoplenty:flowering_oak_leaves":1,"biomesoplenty:tall_lavender":2,"minecraft:furnace":39,"minecraft:iron_ore":34,"biomesoplenty:lavender":8,"minecraft:andesite":7,"evilcraft:dark_ore":3,"biomesoplenty:redwood_log":18,"chococraft:gysahl_green":1,"biomesoplenty:high_grass":16,"biomesoplenty:barley":9,"minecraft:stone":246,"minecraft:crafting_table":15,"biomesoplenty:high_grass_plant":14,"minecraft:cobblestone":2,"minecraft:diorite":24,"minecraft:wall_torch":1,"minecraft:birch_log":1,"minecraft:lilac":1,"minecraft:birch_leaves":2,"croptopia:avocado_crop":2,"minecraft:grass":25,"biomesoplenty:clover":1,"minecraft:oak_log":23,"minecraft:coal_ore":119,"minecraft:dirt":23,"minecraft:oak_leaves":21},"minecraft:picked_up":{"biomesoplenty:redwood_log":18,"minecraft:iron_chestplate":1,"minecraft:crafting_table":15,"minecraft:allium":1,"minecraft:chicken":5,"minecraft:string":2,"evilcraft:ender_tear":1,"minecraft:raw_copper":2,"minecraft:cooked_salmon":2,"biomesoplenty:tall_lavender":2,"croptopia:avocado":2,"minecraft:beef":16,"minecraft:egg":3,"minecraft:iron_boots":2,"minecraft:furnace":40,"spore:tumor":1,"minecraft:stick":12,"minecraft:raw_iron":35,"minecraft:torch":1,"minecraft:porkchop":24,"iceandfire:rotten_egg":1,"minecraft:diorite":24,"monsterplus:crystal_clump":1,"minecraft:arrow":8,"minecraft:rotten_flesh":7,"croptopia:persimmon":7,"chococraft:chocobo_drumstick_raw":3,"minecraft:mutton":19,"biomesoplenty:lavender":8,"minecraft:white_wool":12,"minecraft:cobblestone":330,"minecraft:birch_log":1,"minecraft:feather":4,"minecraft:andesite":15,"minecraft:salmon":8,"minecraft:leather":14,"minecraft:oak_log":24,"evilcraft:flesh_humanoid":1,"minecraft:gunpowder":5,"minecraft:dirt":66,"chococraft:chocobo_feather":8,"minecraft:bone":7,"chococraft:gysahl_green":1,"minecraft:apple":1,"minecraft:wheat_seeds":2,"minecraft:stone_pickaxe":2,"spore:mutated_fiber":8,"minecraft:glowstone_dust":3,"croptopia:roe":8,"croptopia:lime":6,"minecraft:oak_slab":10,"spore:cerebrum":1,"minecraft:gravel":3,"chococraft:gysahl_green_seeds":1,"minecraft:spectral_arrow":2,"minecraft:spider_eye":1,"monsterplus:crystal_shard":1,"evilcraft:dark_gem":13,"minecraft:granite":8,"minecraft:bone_meal":1,"spore:spine_fragment":1,"minecraft:oak_sapling":9,"minecraft:black_wool":1,"minecraft:coal":437,"iceandfire:raw_silver":16},"minecraft:broken":{"minecraft:stone_pickaxe":1,"minecraft:shield":1}},"DataVersion":3465}