{"stats":{"minecraft:killed":{"vampirism:vampire":4,"vampirism:advanced_vampire":3,"spore:braiomil":2,"minecraft:spider":18,"spore:leaper":4,"minecraft:skeleton":17,"minecraft:chicken":48,"minecraft:silverfish":2,"vampirism:advanced_hunter":2,"spore:spitter":2,"minecraft:skeleton_horse":4,"minecraft:wolf":3,"minecraft:pig":11,"spore:inf_player":6,"spore:inf_wanderer":3,"minecraft:salmon":10,"spore:inf_evoker":1,"spore:scamper":3,"spore:inf_drowned":2,"minecraft:creeper":5,"vampirism:hunter":5,"minecraft:sheep":30,"spore:inf_villager":2,"minecraft:pillager":1,"spore:mound":2,"spore:inf_human":11,"minecraft:zombie":18,"spore:knight":6,"minecraft:cow":18,"spore:inf_vindicator":1,"minecraft:phantom":13,"spore:griefer":1,"minecraft:drowned":5,"cataclysm:lionfish":1,"spore:stalker":1,"spore:inf_pillager":4,"evilcraft:poisonous_libelle":1,"iceandfire:ghost":6,"spore:inf_witch":3,"spore:claw":1,"spore:busser":8,"monsterplus:overgrown_skeleton":9,"spore:slasher":1,"minecraft:enderman":2},"minecraft:mined":{"spore:fungal_roots":7,"minecraft:white_bed":1,"spore:wall_growths":48,"minecraft:granite":24,"croptopia:lime_crop":6,"minecraft:grass_block":69,"minecraft:brown_wool":1,"spore:fungal_stem":34,"biomesoplenty:flowering_oak_leaves":1,"vampirism:weapon_table":1,"comforts:sleeping_bag_white":1,"spore:mycelium_veins":3,"biomesoplenty:tall_lavender":18,"minecraft:iron_ore":188,"minecraft:fire":1,"spore:infested_stone":7,"biomesoplenty:lavender":281,"minecraft:deepslate_lapis_ore":5,"spore:growth_mycelium":32,"vampirism:tent":2,"biomesoplenty:redwood_log":36,"biomesoplenty:jacaranda_leaves":1,"spore:growths_big":33,"minecraft:torch":3,"minecraft:cobblestone":41,"spore:biomass_block":29,"minecraft:wall_torch":2,"spore:fungal_stem_sapling":2,"evilcraft:dark_ore_deepslate":2,"minecraft:birch_log":1,"minecraft:wheat":1,"minecraft:lilac":1,"croptopia:avocado_crop":2,"minecraft:stone_brick_stairs":1,"minecraft:grass":245,"biomesoplenty:clover":4,"minecraft:oak_log":27,"minecraft:sand":791,"minecraft:dirt":48,"minecraft:oak_leaves":24,"spore:remains":1,"minecraft:deepslate":295,"minecraft:diamond_ore":22,"minecraft:tuff":12,"spore:wall_growths_big":61,"iceandfire:silver_ore":21,"minecraft:deepslate_diamond_ore":37,"vampirism:altar_inspiration":2,"biomesoplenty:jacaranda_fence":1,"minecraft:glow_lichen":1,"minecraft:ladder":2,"biomesoplenty:bush":58,"minecraft:allium":2,"minecraft:jungle_planks":7,"spore:rooted_biomass":25,"spore:growths_small":32,"minecraft:sandstone":70,"biomesoplenty:dune_grass":54,"biomesoplenty:jacaranda_log":65,"minecraft:furnace":55,"spore:blomfung":22,"minecraft:andesite":74,"evilcraft:dark_ore":3,"spore:organite":1,"biomesoplenty:sea_oats":105,"biomesoplenty:high_grass":25,"minecraft:deepslate_iron_ore":14,"spore:hive_spawn":1,"biomesoplenty:barley":314,"minecraft:stone":1171,"minecraft:white_wool":1,"vampirism:tent_main":1,"minecraft:crafting_table":25,"biomesoplenty:high_grass_plant":28,"minecraft:tall_grass":23,"biomesoplenty:sprout":2,"minecraft:deepslate_gold_ore":21,"minecraft:lapis_ore":13,"biomesoplenty:huge_clover_petal":2,"minecraft:diorite":151,"spore:bloomfung2":40,"biomesoplenty:pink_daffodil":2,"minecraft:birch_leaves":2,"spore:fungal_stem_top":12,"minecraft:coal_ore":172,"minecraft:gravel":20,"biomesoplenty:stripped_redwood_wood":1,"minecraft:cobweb":1,"minecraft:gold_ore":6,"biomesoplenty:redwood_wood":10,"minecraft:infested_stone":1,"minecraft:fern":2},"minecraft:custom":{"minecraft:animals_bred":3,"minecraft:interact_with_crafting_table":134,"minecraft:leave_game":14,"minecraft:time_since_death":92051,"minecraft:damage_resisted":54,"minecraft:sprint_one_cm":1745303,"minecraft:damage_blocked_by_shield":13376,"minecraft:drop":244,"minecraft:play_time":526011,"minecraft:deaths":13,"minecraft:jump":10493,"minecraft:walk_on_water_one_cm":95166,"minecraft:interact_with_furnace":365,"vampirism:altar_of_inspiration_rituals_performed":16,"vampirism:action_used_bat":25,"minecraft:sleep_in_bed":7,"vampirism:actions_used":30,"vampirism:action_used_regen":5,"minecraft:damage_dealt":58506,"minecraft:crouch_one_cm":113715,"minecraft:mob_kills":370,"vampirism:action_time_bat":16334,"minecraft:climb_one_cm":11929,"vampirism:amount_bitten":510,"minecraft:walk_one_cm":756972,"vampirism:action_time_regen":1995,"vampirism:skills_unlocked":15,"vampirism:interact_with_altar_inspiration":46,"minecraft:sneak_time":37611,"minecraft:walk_under_water_one_cm":85728,"minecraft:boat_one_cm":307125,"minecraft:total_world_time":526011,"vampirism:blood_drunk":83400,"minecraft:time_since_rest":92553,"vampirism:resurrected":4,"minecraft:damage_taken":15055,"minecraft:trigger_trapped_chest":1,"minecraft:swim_one_cm":599278,"minecraft:fly_one_cm":2704868,"minecraft:open_chest":65,"minecraft:fall_one_cm":270071},"minecraft:killed_by":{"monsterplus:crystal_zombie":1,"spore:inf_pillager":1,"minecraft:spider":1,"monsterplus:glow_skeleton":2,"mutantmonsters:mutant_skeleton":1,"minecraft:skeleton":1,"iceandfire:ghost":2},"minecraft:dropped":{"minecraft:iron_sword":2,"spore:spine_fragment":2,"minecraft:porkchop":36,"biomesoplenty:pink_daffodil":3,"vampirism:stake":1,"minecraft:cooked_beef":4,"minecraft:oak_log":4,"vampirism:human_heart":1,"iceandfire:silver_axe":3,"minecraft:glass_bottle":1,"minecraft:crafting_table":1,"minecraft:cooked_porkchop":12,"minecraft:glow_berries":1,"iceandfire:ectoplasm":1,"minecraft:jungle_planks":1,"minecraft:flint":3,"jet_and_elias_armors:sentinel_set_helmet":1,"minecraft:dirt":71,"vampirism:injection_empty":2,"biomesoplenty:stripped_redwood_wood":1,"biomesoplenty:redwood_log":50,"minecraft:mutton":10,"minecraft:seagrass":2,"minecraft:wooden_sword":1,"minecraft:bone_meal":1,"minecraft:sand":13,"minecraft:iron_pickaxe":2,"minecraft:gold_ingot":2,"minecraft:bone":7,"minecraft:gravel":17,"minecraft:stone_axe":1,"minecraft:iron_nugget":14,"minecraft:cooked_chicken":16,"minecraft:cobbled_deepslate":108,"jet_and_elias_armors:mercenary_gear_chestplate":1,"minecraft:rotten_flesh":39,"minecraft:oak_planks":66,"vampirism:blood_bottle":1,"minecraft:glowstone_dust":3,"iceandfire:silver_shovel":1,"minecraft:cooked_mutton":5,"evilcraft:poison_sac":1,"iceandfire:shiny_scales":6,"minecraft:chainmail_chestplate":1,"minecraft:leather_chestplate":1,"minecraft:gunpowder":10,"vampirism:vampire_blood_bottle":1,"minecraft:chest":1,"minecraft:ladder":5,"minecraft:arrow":16,"minecraft:glass":3,"minecraft:beef":3,"biomesoplenty:tall_lavender":15,"minecraft:egg":7,"minecraft:oak_slab":10,"biomesoplenty:jacaranda_sapling":19,"minecraft:wheat_seeds":6,"biomesoplenty:redwood_wood":10,"biomesoplenty:lavender":341,"minecraft:feather":4,"minecraft:cobblestone":373,"minecraft:spectral_arrow":2,"minecraft:apple":1,"minecraft:granite":15,"biomesoplenty:jacaranda_planks":8,"minecraft:coal":8,"minecraft:stick":5,"mca:book_romance":1,"minecraft:diorite":54,"minecraft:torch":7,"minecraft:wooden_axe":1,"minecraft:cooked_salmon":3,"minecraft:potion":1,"minecraft:iron_axe":1,"minecraft:string":2,"minecraft:bucket":1,"spore:claw_fragment":2,"biomesoplenty:jacaranda_fence":2,"minecraft:raw_copper":2,"minecraft:tuff":11,"minecraft:chicken":13,"minecraft:light_gray_wool":1,"minecraft:iron_boots":2,"spore:cerebrum":1,"sophisticatedbackpacks:backpack":2,"spore:mutated_fiber":14,"minecraft:glass_pane":15,"minecraft:shield":2,"minecraft:allium":1,"minecraft:iron_chestplate":1,"minecraft:andesite":39,"iceandfire:silver_ingot":3,"minecraft:oak_sapling":13,"croptopia:roe":9,"minecraft:spider_eye":7,"minecraft:stone_pickaxe":2,"minecraft:wooden_pickaxe":1,"minecraft:black_wool":1},"minecraft:used":{"minecraft:iron_shovel":321,"minecraft:ladder":21,"minecraft:chest":3,"minecraft:shield":248,"minecraft:iron_sword":1,"minecraft:rotten_flesh":5,"jet_and_elias_armors:mercenary_gear_chestplate":1,"minecraft:glass":1,"croptopia:lime":6,"minecraft:furnace":60,"croptopia:roe":1,"minecraft:egg":9,"biomesoplenty:jacaranda_fence":29,"minecraft:diorite":43,"spore:armads":423,"minecraft:stone_pickaxe":206,"minecraft:oak_planks":15,"minecraft:wooden_pickaxe":3,"minecraft:sandstone":156,"minecraft:white_wool":2,"minecraft:glow_berries":2,"minecraft:sand":24,"iceandfire:silver_axe":1139,"biomesoplenty:jacaranda_planks":24,"iceandfire:silver_pickaxe":465,"minecraft:brown_wool":1,"croptopia:avocado":2,"jet_and_elias_armors:bandit_armor_boots":1,"minecraft:wooden_sword":4,"minecraft:andesite":1,"minecraft:birch_log":1,"minecraft:bone_meal":33,"biomesoplenty:jacaranda_fence_gate":2,"minecraft:cooked_salmon":5,"minecraft:cooked_chicken":3,"minecraft:torch":118,"minecraft:dirt":105,"minecraft:granite":5,"minecraft:iron_hoe":44,"minecraft:wooden_axe":23,"minecraft:iron_axe":30,"jet_and_elias_armors:mercenary_gear_leggings":1,"evilcraft:flesh_humanoid":1,"croptopia:persimmon":7,"comforts:sleeping_bag_white":5,"minecraft:cooked_beef":19,"minecraft:cobbled_deepslate":14,"minecraft:wheat_seeds":44,"minecraft:cooked_mutton":29,"minecraft:water_bucket":36,"vampirism:altar_inspiration":3,"monsterplus:crystal_clump":1,"jet_and_elias_armors:mercenary_gear_helmet":1,"minecraft:glass_bottle":5,"minecraft:crafting_table":37,"minecraft:white_bed":2,"minecraft:diamond_pickaxe":109,"minecraft:apple":1,"minecraft:iron_pickaxe":1673,"minecraft:potion":4,"minecraft:cobblestone":509,"minecraft:cooked_porkchop":23,"minecraft:bucket":37,"iceandfire:silver_shovel":550},"minecraft:picked_up":{"minecraft:iron_chestplate":3,"minecraft:seagrass":5,"spore:mutated_heart":8,"minecraft:wheat":16,"minecraft:prismarine_shard":2,"biomesoplenty:stripped_redwood_wood":1,"spore:innards":4,"minecraft:string":29,"evilcraft:ender_tear":1,"minecraft:raw_copper":2,"minecraft:cooked_salmon":2,"minecraft:iron_leggings":1,"biomesoplenty:tall_lavender":15,"spore:corrosive_sack":1,"jet_and_elias_armors:mercenary_gear_chestplate":1,"minecraft:cobbled_deepslate":280,"comforts:sleeping_bag_white":5,"minecraft:iron_pickaxe":1,"biomesoplenty:redwood_wood":10,"minecraft:iron_boots":2,"minecraft:furnace":55,"iceandfire:pixie_dust":2,"minecraft:stick":33,"spore:plated_muscle":2,"minecraft:torch":13,"minecraft:porkchop":85,"iceandfire:rotten_egg":1,"vampirism:vampire_fang":1,"minecraft:diorite":151,"monsterplus:crystal_clump":1,"vampirism:blood_bottle":6,"minecraft:rotten_flesh":44,"croptopia:persimmon":7,"minecraft:cobblestone":1214,"biomesoplenty:lavender":281,"minecraft:birch_log":1,"minecraft:leather_chestplate":1,"minecraft:feather":42,"minecraft:andesite":82,"minecraft:brown_wool":3,"vampirism:stake":1,"minecraft:flint":6,"minecraft:tuff":11,"evilcraft:flesh_humanoid":1,"minecraft:lapis_lazuli":116,"minecraft:dirt":176,"minecraft:glass":11,"minecraft:bone":49,"minecraft:wheat_seeds":96,"minecraft:raw_gold":27,"minecraft:glowstone_dust":3,"croptopia:roe":10,"spore:biomass_block":20,"croptopia:lime":6,"minecraft:oak_planks":65,"spore:cerebrum":6,"minecraft:cooked_porkchop":8,"spore:armor_fragment":49,"iceandfire:shiny_scales":12,"minecraft:sand":814,"minecraft:jungle_planks":7,"minecraft:spectral_arrow":2,"spore:claw_fragment":35,"minecraft:diamond":59,"minecraft:granite":20,"minecraft:bone_meal":1,"spore:spine_fragment":8,"biomesoplenty:pink_daffodil":3,"minecraft:oak_sapling":13,"iceandfire:raw_silver":20,"biomesoplenty:redwood_log":66,"minecraft:crafting_table":25,"minecraft:allium":1,"minecraft:chicken":48,"minecraft:ladder":2,"biomesoplenty:jacaranda_sapling":19,"minecraft:shield":1,"biomesoplenty:jacaranda_fence":1,"minecraft:iron_axe":2,"evilcraft:poison_sac":1,"croptopia:avocado":2,"minecraft:beef":46,"vampirism:injection_empty":1,"minecraft:iron_nugget":7,"minecraft:light_gray_wool":3,"minecraft:chest":2,"minecraft:phantom_membrane":5,"minecraft:egg":30,"spore:tumor":4,"minecraft:raw_iron":203,"minecraft:sandstone":69,"minecraft:stone":6,"spore:wing_membrane":11,"minecraft:arrow":26,"biomesoplenty:jacaranda_log":65,"vampirism:altar_inspiration":2,"minecraft:gold_ingot":2,"biomesoplenty:redwood_sapling":3,"spore:tendons":18,"minecraft:glow_berries":2,"minecraft:mutton":67,"minecraft:white_wool":39,"vampirism:vampire_blood_bottle":1,"vampirism:item_tent":3,"spore:rooted_biomass":21,"minecraft:salmon":8,"minecraft:leather":56,"minecraft:oak_log":28,"minecraft:chainmail_chestplate":1,"iceandfire:ectoplasm":2,"minecraft:gunpowder":13,"vampirism:human_heart":5,"minecraft:apple":2,"minecraft:iron_ingot":13,"minecraft:stone_pickaxe":2,"spore:spine":2,"spore:mutated_fiber":144,"minecraft:glass_bottle":1,"minecraft:iron_sword":1,"minecraft:oak_slab":10,"minecraft:gravel":17,"minecraft:white_bed":1,"minecraft:spider_eye":7,"minecraft:stone_axe":1,"monsterplus:crystal_shard":1,"evilcraft:dark_gem":21,"minecraft:black_wool":3,"minecraft:coal":656,"minecraft:ender_pearl":1},"minecraft:broken":{"minecraft:iron_shovel":1,"iceandfire:silver_pickaxe":1,"minecraft:stone_pickaxe":1,"jet_and_elias_armors:mercenary_gear_helmet":1,"iceandfire:silver_shovel":1,"minecraft:shield":4,"jet_and_elias_armors:mercenary_gear_leggings":1,"minecraft:iron_pickaxe":2},"minecraft:crafted":{"jet_and_elias_armors:the_dames_armor_chestplate":1,"minecraft:oak_planks":96,"minecraft:cooked_chicken":19,"iceandfire:silver_shovel":2,"minecraft:heavy_weighted_pressure_plate":16,"minecraft:cooked_mutton":38,"minecraft:iron_bars":16,"minecraft:glass":16,"jet_and_elias_armors:mercenary_gear_chestplate":1,"minecraft:iron_boots":1,"vampirism:altar_inspiration":1,"spore:fleshy_bone":2,"spore:fleshy_claw":3,"minecraft:chest":4,"jet_and_elias_armors:sentinel_set_boots":1,"iceandfire:silver_axe":3,"minecraft:glass_bottle":9,"minecraft:oak_slab":12,"sophisticatedbackpacks:backpack":2,"biomesoplenty:jacaranda_planks":128,"minecraft:cooked_porkchop":27,"minecraft:crafting_table":13,"minecraft:wooden_pickaxe":1,"minecraft:iron_helmet":2,"jet_and_elias_armors:bandit_armor_boots":1,"biomesoplenty:jacaranda_fence_gate":2,"biomesoplenty:jacaranda_fence":30,"spore:armads":1,"minecraft:iron_chestplate":1,"minecraft:diamond_pickaxe":1,"minecraft:shield":5,"minecraft:stick":120,"minecraft:iron_ingot":121,"minecraft:iron_pickaxe":3,"spore:plated_muscle":4,"minecraft:iron_block":3,"minecraft:sandstone":112,"jet_and_elias_armors:the_dames_armor_leggings":1,"minecraft:wooden_sword":1,"minecraft:iron_nugget":9,"comforts:sleeping_bag_white":1,"minecraft:furnace":5,"minecraft:bone_meal":33,"minecraft:glass_pane":16,"vampirism:injection_empty":1,"jet_and_elias_armors:mercenary_gear_helmet":1,"minecraft:ladder":24,"minecraft:iron_hoe":1,"minecraft:stone_pickaxe":2,"spore:armor_plate":1,"jet_and_elias_armors:sentinel_set_helmet":2,"minecraft:cooked_beef":26,"spore:living_core":1,"iceandfire:silver_ingot":16,"biomesoplenty:redwood_planks":64,"minecraft:iron_sword":1,"minecraft:cooked_salmon":6,"minecraft:bucket":1,"minecraft:air":0,"spore:living_pants":1,"minecraft:wooden_axe":1,"minecraft:iron_shovel":2,"minecraft:white_bed":1,"vampirism:blood_container":1,"spore:nerves":8,"jet_and_elias_armors:mercenary_gear_leggings":1,"minecraft:torch":112,"iceandfire:silver_pickaxe":1}},"DataVersion":3465}