{"stats":{"minecraft:custom":{"minecraft:time_since_rest":7260,"minecraft:play_time":10755,"minecraft:crouch_one_cm":194,"minecraft:sprint_one_cm":5005,"minecraft:walk_one_cm":2150,"minecraft:deaths":2,"minecraft:sneak_time":225,"minecraft:mob_kills":1,"minecraft:drop":1,"minecraft:jump":57,"minecraft:damage_dealt":0,"minecraft:time_since_death":7220,"minecraft:total_world_time":10755,"minecraft:fall_one_cm":476,"minecraft:fly_one_cm":41645},"minecraft:killed":{"mutantmonsters:spider_pig":1},"minecraft:used":{"mutantmonsters:mutant_creeper_spawn_egg":2,"mutantmonsters:spider_pig_spawn_egg":7,"mutantmonsters:mutant_zombie_spawn_egg":6,"minecraft:flint_and_steel":5,"minecraft:tnt":169,"mutantmonsters:mutant_enderman_spawn_egg":3,"mutantmonsters:creeper_minion_spawn_egg":14,"iceandfire:dragonegg_blue":2,"mutantmonsters:mutant_skeleton_spawn_egg":6,"minecraft:allay_spawn_egg":2,"mutantmonsters:mutant_snow_golem_spawn_egg":31},"minecraft:mined":{"minecraft:grass":2,"biomesoplenty:bush":13},"minecraft:dropped":{"minecraft:wheat_seeds":1},"minecraft:picked_up":{"minecraft:wheat_seeds":1,"iceandfire:dragonegg_blue":2,"minecraft:porkchop":1,"minecraft:poppy":1,"minecraft:dirt":11,"minecraft:string":1}},"DataVersion":3465}