{"stats":{"minecraft:killed_by":{"spore:inf_player":2,"minecraft:player":1,"spore:busser":4,"minecraft:skeleton":1,"iceandfire:ghost":1,"spore:inf_wanderer":1,"spore:leaper":1,"monsterplus:glow_skeleton":1},"minecraft:killed":{"spore:inf_player":1,"minecraft:sheep":5,"monsterplus:glow_skeleton":1,"iceandfire:ghost":1,"minecraft:chicken":1,"monsterplus:overgrown_skeleton":1},"minecraft:dropped":{"iceandfire:raw_silver":1,"minecraft:wheat_seeds":1,"biomesoplenty:redwood_sapling":8,"chococraft:chocobo_feather":1,"spore:cerebrum":1,"chococraft:gysahl_green_seeds":1,"crafting_on_a_stick:crafting_table":1,"minecraft:diorite":7,"minecraft:andesite":13,"minecraft:oak_sapling":3,"minecraft:wooden_pickaxe":2,"minecraft:white_wool":1,"minecraft:black_wool":1},"minecraft:custom":{"minecraft:interact_with_furnace":30,"minecraft:mob_kills":11,"minecraft:interact_with_crafting_table":29,"minecraft:leave_game":2,"minecraft:time_since_death":3998,"minecraft:sleep_in_bed":4,"minecraft:time_since_rest":4021,"minecraft:sprint_one_cm":86566,"minecraft:damage_taken":4178,"minecraft:walk_one_cm":150016,"minecraft:drop":16,"minecraft:damage_dealt":1614,"minecraft:swim_one_cm":51204,"minecraft:fly_one_cm":244120,"minecraft:open_chest":19,"minecraft:crouch_one_cm":47668,"minecraft:play_time":100232,"minecraft:deaths":13,"minecraft:sneak_time":20440,"minecraft:walk_under_water_one_cm":5442,"minecraft:boat_one_cm":97695,"minecraft:jump":1245,"minecraft:fall_one_cm":55994,"minecraft:walk_on_water_one_cm":8425,"minecraft:total_world_time":100232},"minecraft:crafted":{"minecraft:wooden_sword":1,"minecraft:oak_planks":108,"minecraft:stone_shovel":1,"minecraft:crafting_table":3,"biomesoplenty:redwood_fence_gate":7,"biomesoplenty:redwood_planks":140,"comforts:sleeping_bag_white":1,"minecraft:iron_helmet":1,"minecraft:wooden_pickaxe":3,"minecraft:cooked_chicken":1,"minecraft:iron_sword":1,"minecraft:furnace":1,"biomesoplenty:redwood_slab":126,"crafting_on_a_stick:crafting_table":2,"minecraft:stone_axe":2,"minecraft:cooked_mutton":6,"minecraft:air":0,"minecraft:oak_boat":2,"minecraft:iron_boots":1,"minecraft:shield":1,"minecraft:stick":36,"minecraft:iron_ingot":19,"minecraft:stone_pickaxe":4,"minecraft:iron_leggings":1},"minecraft:used":{"minecraft:cooked_mutton":6,"minecraft:diorite":15,"biomesoplenty:redwood_fence_gate":6,"biomesoplenty:redwood_planks":47,"minecraft:stone_shovel":55,"minecraft:stone_pickaxe":513,"minecraft:oak_planks":1,"minecraft:wooden_pickaxe":95,"minecraft:iron_sword":15,"minecraft:cooked_chicken":1,"minecraft:rotten_flesh":2,"minecraft:torch":4,"minecraft:glow_berries":2,"minecraft:dirt":28,"minecraft:vine":1,"minecraft:crafting_table":7,"minecraft:granite":15,"minecraft:apple":2,"minecraft:iron_helmet":1,"minecraft:iron_boots":1,"evilcraft:flesh_humanoid":1,"minecraft:wooden_sword":12,"minecraft:stone_axe":167,"minecraft:cobblestone":125,"minecraft:furnace":4,"biomesoplenty:redwood_slab":121,"comforts:sleeping_bag_white":3,"minecraft:andesite":4,"minecraft:oak_boat":4,"chococraft:gysahl_green":1,"minecraft:iron_leggings":1},"minecraft:mined":{"biomesoplenty:redwood_planks":3,"iceandfire:silver_ore":1,"minecraft:crafting_table":6,"minecraft:torch":1,"minecraft:granite":16,"biomesoplenty:bush":1,"croptopia:lime_crop":1,"minecraft:grass_block":30,"biomesoplenty:high_grass_plant":4,"minecraft:copper_ore":5,"minecraft:cobblestone":39,"biomesoplenty:huge_clover_petal":2,"minecraft:oak_planks":1,"minecraft:diorite":24,"minecraft:wall_torch":1,"comforts:sleeping_bag_white":1,"biomesoplenty:redwood_slab":12,"minecraft:furnace":3,"minecraft:iron_ore":17,"minecraft:andesite":19,"evilcraft:dark_ore":1,"minecraft:grass":6,"chococraft:gysahl_green":1,"biomesoplenty:clover":5,"minecraft:oak_log":18,"minecraft:coal_ore":18,"biomesoplenty:high_grass":3,"minecraft:vine":1,"minecraft:deepslate_iron_ore":2,"minecraft:dirt":59,"minecraft:stone":442,"biomesoplenty:redwood_wood":115,"minecraft:oak_leaves":13,"minecraft:fern":1},"minecraft:picked_up":{"minecraft:crafting_table":6,"minecraft:feather":2,"minecraft:chicken":1,"minecraft:andesite":19,"minecraft:wooden_pickaxe":1,"minecraft:oak_log":17,"evilcraft:flesh_humanoid":2,"minecraft:dirt":87,"minecraft:raw_copper":11,"chococraft:chocobo_feather":2,"minecraft:bone":2,"chococraft:gysahl_green":1,"minecraft:apple":1,"minecraft:wheat_seeds":4,"biomesoplenty:redwood_slab":13,"comforts:sleeping_bag_white":3,"minecraft:stone_pickaxe":1,"minecraft:oak_boat":2,"biomesoplenty:redwood_wood":88,"minecraft:oak_planks":3,"croptopia:lime":1,"minecraft:furnace":3,"minecraft:stick":19,"minecraft:raw_iron":19,"spore:cerebrum":1,"minecraft:torch":4,"chococraft:gysahl_green_seeds":1,"minecraft:diorite":27,"minecraft:vine":1,"biomesoplenty:redwood_planks":3,"minecraft:rotten_flesh":2,"evilcraft:dark_gem":4,"minecraft:granite":15,"biomesoplenty:redwood_sapling":8,"minecraft:white_wool":4,"minecraft:oak_sapling":3,"minecraft:black_wool":1,"minecraft:glow_berries":1,"minecraft:mutton":6,"minecraft:coal":18,"iceandfire:raw_silver":1,"minecraft:cobblestone":419},"minecraft:broken":{"minecraft:stone_pickaxe":4,"minecraft:stone_axe":1,"minecraft:wooden_pickaxe":1}},"DataVersion":3465}