{"stats":{"minecraft:mined":{"minecraft:white_bed":6,"iceandfire:graveyard_soil":5,"iceandfire:silver_ore":1,"minecraft:granite":29,"croptopia:lime_crop":1,"biomesoplenty:bush":1,"minecraft:grass_block":35,"minecraft:large_fern":1,"comforts:sleeping_bag_white":2,"minecraft:furnace":3,"minecraft:iron_ore":17,"minecraft:andesite":19,"evilcraft:dark_ore":1,"biomesoplenty:high_grass":3,"minecraft:deepslate_iron_ore":2,"minecraft:vine":2,"minecraft:stone":453,"biomesoplenty:redwood_planks":3,"minecraft:crafting_table":6,"minecraft:torch":1,"minecraft:chest":2,"iceandfire:ghost_chest":2,"biomesoplenty:high_grass_plant":4,"minecraft:tall_grass":1,"minecraft:copper_ore":5,"minecraft:cobblestone":39,"biomesoplenty:sprout":1,"biomesoplenty:huge_clover_petal":6,"minecraft:sugar_cane":7,"minecraft:oak_planks":1,"minecraft:diorite":24,"minecraft:wall_torch":2,"minecraft:skeleton_skull":3,"biomesoplenty:redwood_slab":14,"minecraft:wither_rose":2,"minecraft:grass":9,"biomesoplenty:clover":18,"minecraft:oak_log":18,"minecraft:coal_ore":18,"minecraft:dirt":72,"minecraft:cobweb":4,"biomesoplenty:redwood_wood":115,"minecraft:oak_leaves":14,"minecraft:fern":1},"minecraft:custom":{"minecraft:mob_kills":13,"minecraft:interact_with_crafting_table":34,"minecraft:leave_game":4,"minecraft:time_since_death":16014,"minecraft:climb_one_cm":1672,"minecraft:sprint_one_cm":185241,"minecraft:walk_one_cm":244593,"minecraft:damage_blocked_by_shield":360,"minecraft:drop":33,"minecraft:play_time":149544,"minecraft:deaths":18,"minecraft:sneak_time":23962,"minecraft:walk_under_water_one_cm":9746,"minecraft:boat_one_cm":185715,"minecraft:jump":2523,"minecraft:walk_on_water_one_cm":16177,"minecraft:total_world_time":149544,"minecraft:interact_with_furnace":36,"minecraft:sleep_in_bed":12,"minecraft:time_since_rest":1286,"minecraft:damage_taken":6455,"minecraft:trigger_trapped_chest":4,"minecraft:damage_dealt":2573,"minecraft:swim_one_cm":61686,"minecraft:fly_one_cm":490758,"minecraft:open_chest":24,"minecraft:crouch_one_cm":55252,"minecraft:fall_one_cm":98443},"minecraft:used":{"minecraft:stone_shovel":68,"biomesoplenty:redwood_planks":51,"minecraft:chest":2,"minecraft:shield":14,"minecraft:iron_sword":42,"minecraft:cooked_chicken":1,"minecraft:rotten_flesh":2,"minecraft:torch":5,"minecraft:dirt":29,"minecraft:granite":19,"minecraft:iron_axe":14,"minecraft:iron_helmet":1,"minecraft:iron_boots":1,"evilcraft:flesh_humanoid":2,"minecraft:furnace":4,"minecraft:egg":2,"comforts:sleeping_bag_white":7,"minecraft:cooked_beef":12,"biomesoplenty:redwood_slab":143,"minecraft:iron_leggings":1,"minecraft:cooked_mutton":6,"minecraft:diorite":15,"biomesoplenty:redwood_fence_gate":6,"minecraft:stone_pickaxe":513,"minecraft:oak_planks":1,"minecraft:wooden_pickaxe":95,"minecraft:glow_berries":2,"minecraft:vine":1,"minecraft:crafting_table":8,"minecraft:white_bed":5,"minecraft:apple":2,"minecraft:iron_pickaxe":27,"minecraft:stone_axe":169,"minecraft:wooden_sword":12,"minecraft:cobblestone":261,"minecraft:andesite":4,"minecraft:oak_boat":6,"minecraft:cobweb":4},"minecraft:killed_by":{"minecraft:player":1,"spore:busser":4,"spore:inf_human":1,"spore:inf_wanderer":1,"monsterplus:glow_skeleton":1,"spore:inf_player":2,"minecraft:skeleton":1,"iceandfire:ghost":3,"spore:leaper":2},"minecraft:picked_up":{"minecraft:crafting_table":7,"spore:mutated_heart":1,"minecraft:chainmail_boots":2,"minecraft:chicken":1,"minecraft:wooden_pickaxe":1,"minecraft:wither_rose":3,"minecraft:enchanted_book":1,"minecraft:string":8,"minecraft:raw_copper":11,"iceandfire:ghost_ingot":2,"iceandfire:graveyard_soil":19,"biomesoplenty:redwood_slab":17,"minecraft:gold_nugget":26,"comforts:sleeping_bag_white":8,"minecraft:oak_boat":3,"biomesoplenty:redwood_wood":136,"minecraft:sugar_cane":32,"minecraft:chest":2,"minecraft:egg":1,"minecraft:furnace":3,"minecraft:stick":24,"minecraft:raw_iron":19,"iceandfire:ghost_chest":3,"minecraft:torch":5,"minecraft:diorite":27,"minecraft:vine":1,"crafting_on_a_stick:crafting_table":1,"iceandfire:silver_ingot":1,"biomesoplenty:redwood_planks":3,"minecraft:stone_shovel":1,"minecraft:rotten_flesh":2,"biomesoplenty:redwood_sapling":8,"minecraft:glow_berries":1,"minecraft:mutton":6,"minecraft:skeleton_skull":5,"minecraft:white_wool":4,"minecraft:cobblestone":663,"vampirism:vampire_blood_bottle":2,"minecraft:feather":2,"minecraft:cooked_beef":10,"minecraft:andesite":19,"minecraft:leather":10,"minecraft:oak_log":17,"evilcraft:flesh_humanoid":4,"iceandfire:ectoplasm":6,"minecraft:dirt":167,"minecraft:bone":34,"minecraft:apple":1,"minecraft:wheat_seeds":4,"minecraft:iron_ingot":13,"minecraft:stone_pickaxe":1,"minecraft:cobweb":4,"spore:mutated_fiber":5,"croptopia:lime":1,"minecraft:oak_planks":47,"spore:cerebrum":1,"minecraft:white_bed":6,"minecraft:stone_axe":1,"evilcraft:dark_gem":68,"minecraft:granite":28,"minecraft:oak_sapling":4,"minecraft:black_wool":1,"minecraft:coal":58,"iceandfire:raw_silver":1},"minecraft:killed":{"monsterplus:glow_skeleton":1,"minecraft:chicken":1,"spore:inf_player":1,"minecraft:sheep":5,"spore:inf_human":1,"iceandfire:ghost":1,"monsterplus:overgrown_skeleton":1},"minecraft:crafted":{"minecraft:wooden_sword":1,"minecraft:oak_planks":108,"minecraft:stone_shovel":1,"comforts:sleeping_bag_white":1,"minecraft:cooked_chicken":1,"minecraft:furnace":1,"biomesoplenty:redwood_slab":126,"minecraft:cooked_mutton":6,"minecraft:iron_boots":1,"minecraft:iron_axe":1,"minecraft:stone_pickaxe":4,"minecraft:chest":2,"minecraft:crafting_table":3,"biomesoplenty:redwood_planks":140,"minecraft:wooden_pickaxe":3,"minecraft:iron_helmet":1,"minecraft:iron_sword":1,"biomesoplenty:redwood_fence_gate":7,"crafting_on_a_stick:crafting_table":2,"minecraft:stone_axe":2,"minecraft:air":0,"minecraft:oak_boat":2,"minecraft:iron_chestplate":1,"minecraft:shield":1,"minecraft:stick":40,"minecraft:iron_ingot":41,"minecraft:iron_pickaxe":1,"minecraft:iron_leggings":1},"minecraft:broken":{"minecraft:wooden_pickaxe":1,"minecraft:stone_pickaxe":4,"minecraft:stone_axe":1},"minecraft:dropped":{"iceandfire:raw_silver":1,"minecraft:wheat_seeds":1,"spore:plated_muscle":2,"biomesoplenty:redwood_fence_gate":1,"spore:tendons":6,"minecraft:granite":9,"minecraft:dirt":10,"minecraft:diorite":7,"spore:mutated_heart":1,"minecraft:white_wool":1,"minecraft:stone_axe":2,"minecraft:raw_copper":11,"biomesoplenty:redwood_sapling":8,"minecraft:stone_shovel":1,"spore:cerebrum":1,"spore:mutated_fiber":7,"crafting_on_a_stick:crafting_table":2,"minecraft:andesite":14,"minecraft:oak_sapling":4,"minecraft:wooden_pickaxe":3,"minecraft:stone_pickaxe":1,"minecraft:black_wool":1}},"DataVersion":3465}