{"stats":{"minecraft:crafted":{"minecraft:oak_planks":108,"modernlife:lantern_post":1,"modernlife:sand_barrier":8,"minecraft:cooked_chicken":14,"minecraft:chain":2,"iceandfire:silver_shovel":1,"biomesoplenty:redwood_slab":126,"modernlife:sand_kitchen_cabinet":2,"minecraft:cooked_mutton":15,"minecraft:glass":159,"minecraft:iron_boots":1,"immersive_aircraft:hull":1,"minecraft:chest":4,"mcwbridges:sandstone_bridge":236,"vampirism:stake":1,"minecraft:wooden_shovel":1,"biomesoplenty:jacaranda_planks":24,"minecraft:cooked_porkchop":12,"minecraft:crafting_table":3,"minecraft:wooden_pickaxe":3,"minecraft:iron_helmet":1,"mcwbridges:sandstone_bridge_pier":6,"dramaticdoors:tall_bop_jacaranda_door":2,"modernlife:deluxe_bed":1,"minecraft:iron_chestplate":1,"minecraft:shield":1,"minecraft:stick":56,"minecraft:iron_ingot":58,"minecraft:iron_pickaxe":1,"minecraft:sandstone":182,"minecraft:sandstone_stairs":12,"minecraft:wooden_sword":1,"minecraft:stone_shovel":1,"minecraft:iron_nugget":18,"comforts:sleeping_bag_white":1,"minecraft:furnace":1,"modernlife:bathtub":1,"minecraft:iron_axe":1,"minecraft:stone_pickaxe":4,"biomesoplenty:jacaranda_door":6,"evilcraft:darkened_apple":1,"mcwbridges:sandstone_bridge_stair":24,"biomesoplenty:redwood_planks":140,"minecraft:iron_sword":1,"biomesoplenty:redwood_fence_gate":7,"minecraft:sandstone_slab":186,"minecraft:bucket":1,"crafting_on_a_stick:crafting_table":2,"minecraft:stone_axe":2,"minecraft:air":0,"minecraft:oak_fence_gate":2,"minecraft:oak_boat":2,"minecraft:sandstone_wall":120,"minecraft:iron_shovel":1,"minecraft:iron_leggings":1},"minecraft:picked_up":{"spore:mutated_heart":1,"minecraft:chainmail_boots":2,"minecraft:wither_rose":3,"minecraft:enchanted_book":1,"minecraft:string":8,"minecraft:raw_copper":11,"mcwbridges:sandstone_bridge_pier":11,"jet_and_elias_armors:mercenary_gear_chestplate":1,"biomesoplenty:redwood_slab":17,"minecraft:gold_nugget":26,"minecraft:bucket":1,"comforts:sleeping_bag_white":9,"minecraft:spruce_planks":1,"biomesoplenty:redwood_wood":136,"minecraft:furnace":8,"minecraft:stick":27,"iceandfire:ghost_chest":3,"minecraft:torch":9,"modernlife:deluxe_bed":2,"minecraft:sandstone_wall":7,"minecraft:porkchop":20,"minecraft:diorite":27,"minecraft:vine":1,"minecraft:rotten_flesh":2,"minecraft:cobblestone":668,"biomesoplenty:lavender":167,"minecraft:feather":2,"minecraft:cooked_beef":10,"minecraft:andesite":19,"evilcraft:flesh_humanoid":6,"minecraft:dirt":243,"minecraft:bone":34,"minecraft:glass":1,"minecraft:wheat_seeds":4,"minecraft:oak_planks":47,"croptopia:lime":1,"spore:cerebrum":1,"minecraft:cooked_porkchop":2,"minecraft:sand":815,"minecraft:jungle_planks":7,"minecraft:dark_oak_log":1,"spore:claw_fragment":1,"minecraft:granite":28,"minecraft:oak_sapling":4,"iceandfire:raw_silver":1,"minecraft:crafting_table":10,"minecraft:sandstone_slab":2,"minecraft:chicken":14,"minecraft:wooden_pickaxe":1,"iceandfire:ghost_ingot":2,"iceandfire:graveyard_soil":19,"minecraft:beef":3,"vampirism:injection_empty":1,"minecraft:oak_boat":8,"minecraft:iron_nugget":1,"minecraft:light_gray_wool":1,"minecraft:chest":4,"minecraft:sugar_cane":32,"minecraft:egg":1,"minecraft:raw_iron":19,"minecraft:sandstone":84,"minecraft:stone":1,"spore:wing_membrane":2,"mcwbridges:sandstone_bridge":29,"sophisticatedbackpacks:backpack":2,"minecraft:dark_oak_planks":14,"crafting_on_a_stick:crafting_table":2,"biomesoplenty:redwood_planks":3,"iceandfire:silver_ingot":1,"mcwbridges:sandstone_bridge_stair":5,"minecraft:stone_shovel":1,"minecraft:sandstone_stairs":2,"biomesoplenty:redwood_sapling":11,"jet_and_elias_armors:sentinel_set_helmet":1,"minecraft:glow_berries":1,"minecraft:mutton":15,"minecraft:skeleton_skull":6,"minecraft:white_wool":4,"vampirism:vampire_blood_bottle":2,"minecraft:leather":10,"iceandfire:silver_shovel":1,"biomesoplenty:jacaranda_door":6,"minecraft:oak_log":17,"iceandfire:ectoplasm":7,"minecraft:cooked_mutton":5,"dramaticdoors:tall_bop_jacaranda_door":3,"minecraft:apple":2,"minecraft:cooked_chicken":16,"modernlife:sand_kitchen_cabinet":3,"minecraft:iron_ingot":13,"minecraft:oak_fence_gate":1,"minecraft:stone_pickaxe":1,"minecraft:cobweb":4,"spore:mutated_fiber":8,"modernlife:lantern_post":2,"minecraft:dark_oak_stairs":5,"modernlife:sand_barrier":7,"minecraft:white_bed":13,"minecraft:stone_axe":1,"evilcraft:dark_gem":81,"minecraft:black_wool":3,"minecraft:coal":71},"minecraft:killed":{"monsterplus:glow_skeleton":1,"minecraft:chicken":1,"spore:inf_player":2,"minecraft:sheep":5,"spore:inf_human":1,"iceandfire:ghost":1,"monsterplus:overgrown_skeleton":1},"minecraft:custom":{"minecraft:interact_with_crafting_table":75,"minecraft:leave_game":6,"minecraft:time_since_death":3791,"minecraft:sprint_one_cm":288716,"minecraft:damage_blocked_by_shield":465,"minecraft:drop":56,"minecraft:play_time":299630,"minecraft:deaths":33,"minecraft:jump":3955,"minecraft:walk_on_water_one_cm":55251,"vampirism:altar_of_inspiration_rituals_performed":16,"minecraft:interact_with_furnace":94,"minecraft:sleep_in_bed":22,"minecraft:damage_dealt":3039,"minecraft:crouch_one_cm":102717,"minecraft:mob_kills":14,"minecraft:climb_one_cm":1672,"minecraft:walk_one_cm":503494,"minecraft:sneak_time":40152,"minecraft:walk_under_water_one_cm":37336,"minecraft:boat_one_cm":300502,"minecraft:total_world_time":299630,"minecraft:time_since_rest":3950,"minecraft:damage_taken":11955,"minecraft:trigger_trapped_chest":4,"minecraft:swim_one_cm":115269,"minecraft:fly_one_cm":742560,"minecraft:open_chest":59,"minecraft:fall_one_cm":150172},"minecraft:broken":{"minecraft:stone_pickaxe":4,"minecraft:stone_axe":1,"iceandfire:silver_shovel":1,"minecraft:wooden_pickaxe":1,"minecraft:iron_helmet":1},"minecraft:killed_by":{"spore:inf_human":1,"spore:inf_player":3,"spore:inf_villager":1,"cataclysm:deepling_brute":1,"spore:leaper":6,"minecraft:player":1,"spore:busser":7,"spore:inf_wanderer":1,"monsterplus:glow_skeleton":1,"mutantmonsters:mutant_skeleton":1,"minecraft:skeleton":1,"iceandfire:ghost":3},"minecraft:dropped":{"iceandfire:raw_silver":1,"vampirism:stake":1,"minecraft:crafting_table":1,"minecraft:leather":10,"minecraft:dirt":11,"vampirism:injection_empty":1,"minecraft:sand":7,"minecraft:white_wool":1,"minecraft:bone":32,"minecraft:stone_axe":2,"minecraft:iron_nugget":1,"biomesoplenty:redwood_sapling":8,"jet_and_elias_armors:mercenary_gear_chestplate":1,"crafting_on_a_stick:crafting_table":3,"minecraft:chest":2,"minecraft:iron_ingot":13,"minecraft:wheat_seeds":1,"spore:plated_muscle":2,"biomesoplenty:redwood_fence_gate":1,"biomesoplenty:lavender":96,"spore:tendons":6,"minecraft:granite":9,"minecraft:stick":3,"minecraft:diorite":7,"minecraft:iron_axe":1,"spore:mutated_heart":1,"minecraft:string":4,"spore:claw_fragment":1,"minecraft:raw_copper":11,"minecraft:stone_shovel":1,"spore:cerebrum":1,"spore:mutated_fiber":10,"minecraft:shield":1,"minecraft:andesite":14,"minecraft:oak_sapling":4,"minecraft:stone_pickaxe":1,"minecraft:wooden_pickaxe":3,"spore:wing_membrane":2,"minecraft:black_wool":1},"minecraft:used":{"minecraft:iron_shovel":203,"minecraft:chest":6,"minecraft:shield":15,"minecraft:stone":1,"minecraft:iron_sword":68,"minecraft:rotten_flesh":2,"mcwbridges:sandstone_bridge":227,"minecraft:glass":159,"minecraft:iron_helmet":1,"modernlife:sand_barrier":13,"minecraft:furnace":9,"minecraft:skeleton_skull":1,"minecraft:egg":8,"minecraft:diorite":15,"modernlife:lantern_post":3,"biomesoplenty:redwood_fence_gate":6,"minecraft:stone_pickaxe":513,"minecraft:oak_planks":1,"minecraft:wooden_pickaxe":95,"minecraft:sandstone":37,"minecraft:glow_berries":2,"minecraft:sand":25,"vampirism:stake":7,"modernlife:deluxe_bed":3,"evilcraft:darkened_apple":1,"minecraft:wooden_sword":12,"minecraft:andesite":4,"minecraft:oak_boat":11,"minecraft:cobweb":4,"minecraft:stone_shovel":68,"biomesoplenty:redwood_planks":51,"minecraft:spruce_planks":1,"minecraft:wooden_shovel":29,"minecraft:sandstone_wall":7,"minecraft:cooked_chicken":30,"minecraft:torch":9,"minecraft:dirt":53,"minecraft:granite":19,"minecraft:oak_fence_gate":3,"minecraft:iron_axe":51,"minecraft:iron_boots":1,"modernlife:bathtub":1,"evilcraft:flesh_humanoid":2,"comforts:sleeping_bag_white":8,"minecraft:cooked_beef":13,"biomesoplenty:redwood_slab":143,"minecraft:iron_leggings":1,"minecraft:cooked_mutton":20,"biomesoplenty:jacaranda_door":8,"minecraft:water_bucket":5,"minecraft:sandstone_stairs":6,"dramaticdoors:tall_bop_jacaranda_door":5,"minecraft:vine":1,"minecraft:crafting_table":9,"minecraft:white_bed":11,"minecraft:apple":2,"mcwbridges:sandstone_bridge_pier":17,"minecraft:iron_pickaxe":180,"minecraft:stone_axe":169,"minecraft:cobblestone":267,"minecraft:cooked_porkchop":14,"modernlife:sand_kitchen_cabinet":5,"minecraft:bucket":7,"minecraft:sandstone_slab":6,"mcwbridges:sandstone_bridge_stair":19,"iceandfire:silver_shovel":523},"minecraft:mined":{"minecraft:dark_oak_planks":14,"spore:fungal_roots":2,"minecraft:spruce_planks":1,"minecraft:white_bed":13,"iceandfire:graveyard_soil":5,"minecraft:granite":29,"croptopia:lime_crop":1,"minecraft:grass_block":90,"minecraft:sandstone_stairs":2,"comforts:sleeping_bag_white":2,"mcwbridges:sandstone_bridge_stair":5,"minecraft:iron_ore":17,"biomesoplenty:lavender":80,"modernlife:sand_kitchen_cabinet":3,"minecraft:dark_oak_stairs":5,"modernlife:lantern_post":2,"minecraft:sandstone_slab":1,"minecraft:kelp_plant":2,"minecraft:torch":2,"mcwbridges:sandstone_bridge":26,"iceandfire:ghost_chest":2,"minecraft:chest":4,"minecraft:glass":5,"minecraft:cobblestone":43,"minecraft:oak_planks":1,"minecraft:sugar_cane":8,"minecraft:wall_torch":3,"minecraft:skeleton_skull":4,"minecraft:wither_rose":2,"minecraft:grass":36,"biomesoplenty:clover":20,"minecraft:oak_log":18,"minecraft:oak_fence_gate":1,"minecraft:sand":661,"minecraft:dirt":78,"minecraft:sandstone_wall":7,"modernlife:sand_barrier":7,"minecraft:oak_leaves":14,"dramaticdoors:tall_bop_jacaranda_door":3,"spore:wall_growths_big":2,"modernlife:deluxe_bed":2,"iceandfire:silver_ore":1,"minecraft:dark_oak_log":1,"biomesoplenty:bush":3,"minecraft:jungle_planks":7,"minecraft:kelp":3,"spore:growths_small":1,"minecraft:sandstone":87,"biomesoplenty:dune_grass":110,"minecraft:large_fern":1,"minecraft:furnace":7,"spore:blomfung":1,"minecraft:andesite":19,"evilcraft:dark_ore":1,"biomesoplenty:sea_oats":67,"minecraft:vine":2,"biomesoplenty:high_grass":4,"minecraft:deepslate_iron_ore":2,"biomesoplenty:jacaranda_door":6,"minecraft:stone":453,"biomesoplenty:redwood_planks":3,"minecraft:crafting_table":8,"minecraft:copper_ore":5,"biomesoplenty:high_grass_plant":7,"minecraft:tall_grass":6,"biomesoplenty:huge_clover_petal":10,"biomesoplenty:sprout":1,"mcwbridges:sandstone_bridge_pier":12,"minecraft:diorite":24,"biomesoplenty:redwood_slab":14,"spore:bloomfung2":2,"minecraft:coal_ore":18,"minecraft:cobweb":4,"biomesoplenty:redwood_wood":115,"minecraft:fern":1}},"DataVersion":3465}