{"stats":{"minecraft:mined":{"minecraft:white_bed":3,"spore:wall_growths_big":47,"iceandfire:silver_ore":11,"spore:wall_growths":36,"minecraft:cobblestone_stairs":4,"cataclysm:stone_tiles":4,"minecraft:brewing_stand":2,"cataclysm:stone_pillar":1,"minecraft:granite":10,"biomesoplenty:bush":93,"cataclysm:stone_tile_stairs":1,"minecraft:grass_block":13,"spore:fungal_stem":20,"biomesoplenty:flowering_oak_leaves":2,"spore:growths_small":18,"comforts:sleeping_bag_white":1,"spore:mycelium_veins":1,"minecraft:tall_seagrass":1,"biomesoplenty:jacaranda_log":22,"biomesoplenty:tall_lavender":5,"minecraft:furnace":17,"minecraft:iron_ore":33,"spore:rotten_log":1,"spore:blomfung":10,"minecraft:fire":1,"spore:infested_stone":10,"biomesoplenty:lavender":26,"minecraft:andesite":15,"spore:growth_mycelium":20,"minecraft:gold_block":2,"biomesoplenty:high_grass":187,"minecraft:vine":1,"minecraft:iron_bars":2,"biomesoplenty:barley":218,"minecraft:stone":357,"minecraft:white_wool":1,"minecraft:podzol":1,"minecraft:stone_brick_slab":1,"spore:growths_big":21,"minecraft:crafting_table":8,"minecraft:chest":6,"minecraft:rose_bush":1,"minecraft:stone_slab":1,"biomesoplenty:high_grass_plant":277,"minecraft:copper_ore":3,"minecraft:tall_grass":31,"minecraft:cobblestone":23,"biomesoplenty:sprout":9,"biomesoplenty:huge_clover_petal":3,"minecraft:sugar_cane":10,"minecraft:diorite":35,"minecraft:wall_torch":1,"minecraft:skeleton_skull":5,"minecraft:cobblestone_wall":5,"spore:bloomfung2":18,"biomesoplenty:pink_daffodil":4,"minecraft:lilac":3,"minecraft:stone_brick_stairs":1,"spore:fungal_stem_top":5,"minecraft:grass":204,"biomesoplenty:clover":10,"minecraft:oak_log":47,"minecraft:coal_ore":58,"minecraft:mycelium":2,"minecraft:smooth_quartz":7,"minecraft:gravel":1,"minecraft:dirt":31,"minecraft:cobweb":15,"minecraft:cracked_stone_bricks":1,"minecraft:stone_bricks":9,"minecraft:polished_andesite":1,"minecraft:netherrack":1,"biomesoplenty:redwood_wood":90,"minecraft:oak_leaves":18,"biomesoplenty:reed":1},"minecraft:custom":{"minecraft:mob_kills":64,"minecraft:interact_with_crafting_table":49,"minecraft:bell_ring":5,"minecraft:leave_game":5,"minecraft:time_since_death":1841,"minecraft:climb_one_cm":4513,"minecraft:sprint_one_cm":753315,"minecraft:walk_one_cm":282593,"minecraft:damage_blocked_by_shield":780,"minecraft:drop":127,"minecraft:play_time":204616,"minecraft:sneak_time":18850,"minecraft:deaths":10,"minecraft:walk_under_water_one_cm":42294,"minecraft:boat_one_cm":124314,"minecraft:jump":5565,"minecraft:walk_on_water_one_cm":63022,"minecraft:total_world_time":204616,"minecraft:interact_with_furnace":116,"minecraft:sleep_in_bed":6,"minecraft:time_since_rest":1306,"minecraft:damage_taken":6350,"minecraft:trigger_trapped_chest":2,"minecraft:damage_dealt":9862,"minecraft:player_kills":2,"minecraft:swim_one_cm":192108,"minecraft:fly_one_cm":1239247,"minecraft:open_chest":40,"minecraft:crouch_one_cm":47149,"minecraft:fall_one_cm":175903},"minecraft:used":{"minecraft:iron_bars":1,"minecraft:rose_bush":2,"iceandfire:silver_sword":42,"minecraft:chest":6,"minecraft:shield":14,"minecraft:iron_sword":140,"minecraft:cooked_salmon":1,"minecraft:rotten_flesh":2,"minecraft:netherrack":1,"minecraft:torch":17,"minecraft:brewing_stand":1,"minecraft:dirt":37,"minecraft:mutton":1,"minecraft:cobblestone_wall":4,"minecraft:stone_brick_slab":1,"minecraft:wooden_axe":63,"evilcraft:flesh_humanoid":1,"minecraft:stone_brick_stairs":1,"minecraft:oak_sapling":5,"minecraft:furnace":17,"croptopia:roe":4,"minecraft:egg":1,"comforts:sleeping_bag_white":3,"minecraft:cooked_beef":25,"minecraft:cooked_mutton":17,"minecraft:diorite":20,"minecraft:cobblestone_stairs":3,"minecraft:stone_pickaxe":86,"minecraft:wooden_pickaxe":3,"minecraft:cracked_stone_bricks":1,"minecraft:white_wool":1,"minecraft:crafting_table":12,"minecraft:white_bed":4,"iceandfire:silver_axe":233,"iceandfire:silver_pickaxe":76,"biomesoplenty:pink_daffodil":3,"minecraft:iron_pickaxe":465,"minecraft:bread":5,"minecraft:brown_wool":1,"minecraft:stone_slab":1,"minecraft:cobblestone":196,"minecraft:cooked_porkchop":7,"minecraft:andesite":1,"spore:rooted_biomass":2},"minecraft:killed_by":{"minecraft:player":1,"iceandfire:siren":1,"spore:inf_evoker":1,"spore:inf_villager":1,"minecraft:skeleton":2,"iceandfire:ghost":2,"vampirism:vampire":1},"minecraft:picked_up":{"minecraft:crafting_table":9,"cataclysm:stone_tile_stairs":1,"croptopia:peach":1,"minecraft:stone_slab":1,"minecraft:gold_block":4,"biomesoplenty:jacaranda_sapling":9,"minecraft:stone_brick_stairs":1,"minecraft:brewing_stand":3,"minecraft:amethyst_block":1,"spore:innards":1,"minecraft:string":17,"minecraft:raw_copper":13,"minecraft:iron_axe":1,"minecraft:cooked_salmon":6,"biomesoplenty:tall_lavender":4,"minecraft:cracked_stone_bricks":1,"comforts:sleeping_bag_white":4,"minecraft:beef":31,"minecraft:rose_bush":2,"minecraft:iron_nugget":5,"minecraft:smooth_quartz":6,"biomesoplenty:redwood_wood":89,"minecraft:sugar_cane":30,"minecraft:chest":6,"minecraft:furnace":18,"minecraft:iron_boots":4,"minecraft:egg":1,"minecraft:stick":14,"minecraft:raw_iron":33,"spore:wing_membrane":2,"minecraft:torch":1,"minecraft:porkchop":3,"vampirism:vampire_fang":1,"minecraft:diorite":50,"iceandfire:silver_ingot":4,"minecraft:arrow":3,"minecraft:rotten_flesh":6,"biomesoplenty:jacaranda_log":36,"biomesoplenty:redwood_sapling":10,"spore:tendons":6,"minecraft:obsidian":2,"minecraft:mutton":29,"cataclysm:stone_pillar":1,"minecraft:iron_bars":3,"minecraft:skeleton_skull":6,"minecraft:white_wool":23,"minecraft:cobblestone":406,"biomesoplenty:lavender":19,"vampirism:vampire_book":2,"minecraft:clock":1,"minecraft:cooked_beef":4,"minecraft:lilac":1,"minecraft:andesite":6,"spore:rooted_biomass":2,"minecraft:salmon":13,"minecraft:brown_wool":1,"minecraft:leather":10,"minecraft:potato":6,"minecraft:filled_map":1,"minecraft:oak_log":28,"evilcraft:flesh_humanoid":2,"minecraft:cobblestone_wall":5,"minecraft:cobblestone_stairs":3,"minecraft:paper":8,"minecraft:dirt":43,"minecraft:bone":2,"minecraft:apple":20,"minecraft:stone_bricks":15,"minecraft:wheat_seeds":24,"minecraft:stone_pickaxe":2,"spore:spine":2,"spore:mutated_fiber":12,"croptopia:roe":7,"minecraft:iron_sword":2,"minecraft:cooked_porkchop":2,"minecraft:stone_brick_slab":2,"spore:armor_fragment":11,"minecraft:white_bed":3,"minecraft:spectral_arrow":1,"cataclysm:stone_tiles":4,"minecraft:polished_andesite":1,"spore:claw_fragment":9,"minecraft:granite":10,"minecraft:netherrack":1,"iceandfire:gorgon_head":1,"spore:spine_fragment":2,"biomesoplenty:pink_daffodil":4,"minecraft:oak_sapling":10,"minecraft:black_wool":1,"minecraft:coal":180,"iceandfire:raw_silver":14},"minecraft:killed":{"vampirism:vampire":1,"minecraft:spider":1,"spore:leaper":1,"minecraft:skeleton":1,"minecraft:silverfish":1,"minecraft:drowned":1,"minecraft:pig":4,"minecraft:salmon":8,"minecraft:sheep":20,"minecraft:zombie":6,"spore:inf_human":1,"iceandfire:ghost":2,"spore:inf_witch":1,"spore:busser":2,"minecraft:cow":13},"minecraft:crafted":{"minecraft:oak_planks":46,"comforts:sleeping_bag_white":2,"minecraft:furnace":6,"minecraft:cooked_mutton":31,"minecraft:stone_pickaxe":1,"minecraft:chest":3,"iceandfire:silver_axe":1,"minecraft:cooked_beef":21,"sophisticatedbackpacks:backpack":1,"biomesoplenty:jacaranda_planks":16,"iceandfire:silver_ingot":11,"minecraft:cooked_porkchop":5,"minecraft:crafting_table":3,"minecraft:wooden_pickaxe":1,"minecraft:iron_sword":1,"minecraft:air":0,"iceandfire:armor_silver_metal_helmet":1,"minecraft:iron_chestplate":1,"minecraft:shield":1,"minecraft:stick":8,"minecraft:iron_ingot":34,"minecraft:iron_pickaxe":2,"minecraft:wooden_axe":1,"minecraft:iron_leggings":1,"minecraft:white_bed":3,"minecraft:torch":16,"iceandfire:silver_pickaxe":1,"iceandfire:silver_sword":1},"minecraft:broken":{"minecraft:iron_pickaxe":1},"minecraft:dropped":{"minecraft:golden_boots":1,"minecraft:iron_ingot":2,"spore:spine":2,"minecraft:iron_sword":3,"spore:spine_fragment":2,"biomesoplenty:jacaranda_sapling":9,"minecraft:wheat_seeds":18,"minecraft:golden_helmet":1,"minecraft:lilac":1,"minecraft:oak_log":3,"vampirism:vampire_book":2,"biomesoplenty:lavender":15,"minecraft:cobblestone":18,"spore:tendons":6,"minecraft:leather":2,"cataclysm:stone_pillar":1,"minecraft:polished_andesite":1,"minecraft:dirt":1,"minecraft:smooth_quartz":1,"spore:innards":1,"minecraft:map":1,"spore:claw_fragment":9,"minecraft:bone":2,"minecraft:furnace":3,"minecraft:iron_nugget":5,"minecraft:rotten_flesh":3,"minecraft:oak_planks":2,"minecraft:iron_boots":2,"spore:mutated_fiber":10,"minecraft:cooked_mutton":9,"minecraft:white_bed":1,"cataclysm:stone_tiles":2,"minecraft:filled_map":5,"cataclysm:stone_tile_stairs":1,"minecraft:skeleton_skull":1,"minecraft:andesite":5,"minecraft:stone_bricks":2,"minecraft:oak_sapling":2,"comforts:sleeping_bag_white":1,"croptopia:peach":1,"minecraft:arrow":1,"minecraft:stone_pickaxe":2,"spore:armor_fragment":11,"spore:wing_membrane":2,"minecraft:black_wool":1}},"DataVersion":3465}