{"stats":{"minecraft:killed":{"vampirism:vampire":1,"vampirism:advanced_vampire":1,"minecraft:spider":5,"spore:leaper":2,"monsterplus:crystal_zombie":4,"minecraft:skeleton":3,"monsterplus:glow_skeleton":1,"minecraft:chicken":2,"minecraft:silverfish":4,"minecraft:pig":4,"spore:inf_player":7,"minecraft:salmon":12,"minecraft:sheep":23,"spore:inf_villager":8,"minecraft:zombie":17,"spore:inf_human":16,"minecraft:cow":14,"minecraft:drowned":1,"spore:inf_pillager":8,"iceandfire:ghost":2,"spore:inf_witch":1,"spore:busser":3,"monsterplus:overgrown_skeleton":1},"minecraft:mined":{"minecraft:white_bed":6,"spore:wall_growths":36,"minecraft:cobblestone_stairs":4,"minecraft:brewing_stand":3,"cataclysm:stone_tiles":4,"cataclysm:stone_pillar":1,"minecraft:granite":38,"minecraft:grass_block":214,"spore:fungal_stem":20,"biomesoplenty:flowering_oak_leaves":2,"comforts:sleeping_bag_white":1,"spore:mycelium_veins":1,"minecraft:tall_seagrass":3,"biomesoplenty:tall_lavender":11,"minecraft:iron_ore":39,"minecraft:fire":9,"spore:infested_stone":11,"biomesoplenty:lavender":129,"biomesoplenty:redwood_fence":4,"minecraft:deepslate_lapis_ore":11,"spore:growth_mycelium":20,"tropicraft:palm_log":1,"minecraft:cave_vines":1,"minecraft:iron_bars":2,"biomesoplenty:jacaranda_leaves":4,"minecraft:deepslate_redstone_ore":1,"biomesoplenty:jacaranda_planks":13,"minecraft:kelp_plant":33,"spore:growths_big":21,"minecraft:torch":17,"croptopia:garlic_crop":1,"minecraft:chest":9,"minecraft:cobblestone":26,"minecraft:sugar_cane":18,"minecraft:oak_planks":6,"minecraft:wall_torch":2,"minecraft:skeleton_skull":5,"evilcraft:dark_ore_deepslate":3,"minecraft:wheat":13,"minecraft:lilac":3,"minecraft:stone_brick_stairs":1,"minecraft:grass":430,"biomesoplenty:clover":18,"minecraft:oak_log":92,"minecraft:smooth_quartz":7,"minecraft:sand":31,"minecraft:dirt":183,"minecraft:netherrack":1,"minecraft:oak_leaves":26,"minecraft:deepslate":17,"biomesoplenty:reed":1,"spore:wall_growths_big":48,"iceandfire:silver_ore":11,"minecraft:deepslate_diamond_ore":7,"biomesoplenty:bush":107,"cataclysm:stone_tile_stairs":1,"iceandfire:deepslate_silver_ore":1,"spore:acid":1,"minecraft:kelp":10,"spore:growths_small":18,"biomesoplenty:dune_grass":9,"biomesoplenty:jacaranda_log":26,"minecraft:redstone_ore":5,"minecraft:furnace":20,"biomesoplenty:toadstool":3,"spore:rotten_log":1,"spore:blomfung":10,"minecraft:andesite":90,"minecraft:gold_block":2,"biomesoplenty:sea_oats":15,"biomesoplenty:high_grass":381,"minecraft:deepslate_iron_ore":14,"minecraft:vine":2,"biomesoplenty:barley":218,"minecraft:stone":524,"minecraft:white_wool":1,"minecraft:podzol":1,"biomesoplenty:redwood_planks":7,"minecraft:stone_brick_slab":1,"minecraft:crafting_table":13,"minecraft:rose_bush":1,"minecraft:stone_slab":1,"biomesoplenty:high_grass_plant":512,"minecraft:tall_grass":71,"minecraft:copper_ore":3,"biomesoplenty:sprout":11,"minecraft:deepslate_gold_ore":24,"biomesoplenty:huge_clover_petal":4,"minecraft:diorite":43,"minecraft:cobblestone_wall":5,"spore:bloomfung2":18,"biomesoplenty:pink_daffodil":5,"spore:fungal_stem_top":5,"minecraft:coal_ore":58,"minecraft:mycelium":2,"evilcraft:blood_stain":1,"minecraft:gravel":1,"minecraft:cobweb":29,"minecraft:cracked_stone_bricks":1,"minecraft:stone_bricks":11,"minecraft:polished_andesite":1,"minecraft:gold_ore":2,"biomesoplenty:redwood_wood":90,"minecraft:fern":3,"minecraft:infested_stone":2},"minecraft:custom":{"minecraft:interact_with_crafting_table":98,"minecraft:bell_ring":5,"minecraft:leave_game":9,"minecraft:time_since_death":1311,"minecraft:sprint_one_cm":1625775,"minecraft:damage_blocked_by_shield":780,"minecraft:drop":176,"minecraft:play_time":517599,"minecraft:deaths":48,"minecraft:jump":10377,"minecraft:interact_with_brewingstand":3,"minecraft:walk_on_water_one_cm":167599,"minecraft:interact_with_furnace":222,"minecraft:sleep_in_bed":11,"minecraft:damage_dealt":27477,"minecraft:player_kills":2,"minecraft:crouch_one_cm":81140,"minecraft:mob_kills":149,"minecraft:climb_one_cm":7013,"minecraft:walk_one_cm":768903,"minecraft:sneak_time":29682,"minecraft:walk_under_water_one_cm":115767,"minecraft:boat_one_cm":685382,"minecraft:total_world_time":517599,"minecraft:time_since_rest":1355,"minecraft:damage_taken":20069,"minecraft:trigger_trapped_chest":2,"minecraft:swim_one_cm":552246,"minecraft:fly_one_cm":2305272,"minecraft:open_chest":198,"minecraft:fall_one_cm":289570},"minecraft:killed_by":{"minecraft:creeper":1,"iceandfire:siren":1,"spore:knight":2,"spore:inf_human":5,"spore:inf_evoker":2,"spore:inf_pillager":2,"spore:spitter":1,"monsterplus:opalescent_eye":1,"spore:inf_player":5,"spore:inf_villager":3,"cataclysm:deepling_brute":1,"minecraft:zombie":1,"vampirism:vampire":1,"spore:leaper":5,"minecraft:player":3,"spore:busser":3,"monsterplus:glow_skeleton":2,"minecraft:skeleton":3,"iceandfire:ghost":2,"iceandfire:troll":1},"minecraft:dropped":{"minecraft:iron_sword":3,"spore:spine_fragment":3,"spore:spine":2,"minecraft:oak_log":3,"minecraft:leather":2,"sophisticatedbackpacks:gold_backpack":1,"minecraft:dirt":8,"spore:innards":1,"minecraft:white_wool":2,"minecraft:gold_ingot":22,"minecraft:bone":2,"minecraft:iron_nugget":5,"minecraft:cobbled_deepslate":1,"minecraft:wheat":1,"minecraft:birch_sapling":3,"minecraft:rotten_flesh":9,"minecraft:oak_planks":2,"iceandfire:silver_shovel":1,"minecraft:cooked_mutton":9,"minecraft:white_bed":2,"evilcraft:flesh_humanoid":2,"cataclysm:stone_tile_stairs":1,"minecraft:skeleton_skull":1,"minecraft:chest":1,"comforts:sleeping_bag_white":1,"minecraft:arrow":1,"spore:armor_fragment":12,"croptopia:garlic":1,"croptopia:garlic_seed":1,"minecraft:golden_boots":1,"minecraft:iron_ingot":2,"biomesoplenty:jacaranda_sapling":9,"minecraft:wheat_seeds":28,"minecraft:golden_helmet":1,"minecraft:lilac":1,"vampirism:vampire_book":2,"biomesoplenty:lavender":19,"minecraft:cobblestone":20,"spore:tendons":6,"minecraft:apple":1,"cataclysm:stone_pillar":1,"minecraft:polished_andesite":1,"minecraft:brewing_stand":1,"minecraft:smooth_quartz":1,"minecraft:map":1,"spore:mutated_heart":1,"spore:claw_fragment":9,"minecraft:furnace":3,"minecraft:kelp":52,"minecraft:raw_iron":1,"minecraft:iron_boots":2,"spore:cerebrum":5,"spore:mutated_fiber":55,"vampirism:heart_striker_enhanced":1,"cataclysm:stone_tiles":2,"jet_and_elias_armors:heavy_knight_armor_leggings":1,"minecraft:filled_map":6,"minecraft:iron_chestplate":1,"minecraft:andesite":6,"minecraft:oak_sapling":2,"minecraft:stone_bricks":2,"croptopia:peach":1,"minecraft:stone_pickaxe":2,"spore:wing_membrane":2,"minecraft:black_wool":2},"minecraft:used":{"minecraft:chest":8,"minecraft:shield":14,"minecraft:stone":1,"minecraft:iron_sword":208,"minecraft:rotten_flesh":16,"minecraft:iron_chestplate":3,"minecraft:mutton":1,"biomesoplenty:redwood_fence":10,"minecraft:stone_brick_stairs":1,"minecraft:stone_bricks":4,"croptopia:peach":13,"minecraft:oak_sapling":6,"minecraft:furnace":23,"croptopia:roe":10,"minecraft:egg":3,"minecraft:diorite":20,"biomesoplenty:redwood_fence_gate":1,"minecraft:stone_pickaxe":86,"minecraft:oak_planks":4,"minecraft:wooden_pickaxe":3,"biomesoplenty:lavender":1,"minecraft:sugar_cane":2,"minecraft:white_wool":1,"minecraft:glow_berries":10,"jet_and_elias_armors:sentinel_set_helmet":1,"minecraft:sand":28,"iceandfire:silver_axe":455,"biomesoplenty:jacaranda_planks":89,"croptopia:orange":2,"iceandfire:silver_pickaxe":466,"croptopia:nectarine":10,"minecraft:bread":5,"minecraft:brown_wool":1,"minecraft:deepslate":1,"minecraft:chainmail_boots":3,"minecraft:andesite":21,"minecraft:oak_boat":9,"minecraft:iron_bars":1,"minecraft:rose_bush":2,"iceandfire:silver_sword":193,"biomesoplenty:redwood_planks":39,"croptopia:starfruit":17,"minecraft:cooked_salmon":9,"minecraft:cooked_chicken":1,"minecraft:netherrack":1,"minecraft:torch":29,"minecraft:brewing_stand":2,"minecraft:dirt":338,"minecraft:cobblestone_wall":4,"iceandfire:armor_silver_metal_helmet":3,"minecraft:granite":16,"minecraft:stone_brick_slab":1,"minecraft:wooden_axe":63,"minecraft:iron_axe":38,"minecraft:iron_boots":2,"biomesoplenty:redwood_boat":2,"evilcraft:flesh_humanoid":5,"croptopia:persimmon":4,"minecraft:beef":3,"comforts:sleeping_bag_white":3,"minecraft:cooked_beef":31,"minecraft:iron_leggings":3,"minecraft:wheat_seeds":17,"minecraft:cooked_mutton":27,"minecraft:amethyst_block":1,"minecraft:cobblestone_stairs":3,"croptopia:lemon":3,"croptopia:apricot":12,"minecraft:cracked_stone_bricks":1,"minecraft:salmon":3,"minecraft:crafting_table":18,"croptopia:cherry":17,"minecraft:white_bed":8,"minecraft:apple":32,"biomesoplenty:pink_daffodil":3,"minecraft:iron_pickaxe":465,"minecraft:stone_slab":1,"biomesoplenty:toadstool":3,"minecraft:cobblestone":307,"minecraft:porkchop":16,"minecraft:cooked_porkchop":12,"spore:rooted_biomass":2,"iceandfire:silver_shovel":363},"minecraft:picked_up":{"minecraft:iron_chestplate":3,"spore:mutated_heart":4,"minecraft:wheat":12,"minecraft:chainmail_boots":1,"minecraft:stone_slab":1,"minecraft:stone_brick_stairs":1,"minecraft:brewing_stand":4,"minecraft:amethyst_block":1,"spore:innards":1,"minecraft:string":41,"minecraft:raw_copper":13,"minecraft:cooked_salmon":6,"biomesoplenty:tall_lavender":8,"minecraft:cobbled_deepslate":16,"comforts:sleeping_bag_white":4,"minecraft:rose_bush":2,"minecraft:smooth_quartz":6,"biomesoplenty:redwood_wood":89,"minecraft:iron_boots":4,"minecraft:furnace":20,"minecraft:stick":19,"biomesoplenty:redwood_boat":1,"minecraft:torch":20,"minecraft:porkchop":19,"vampirism:vampire_fang":1,"minecraft:diorite":50,"minecraft:golden_chestplate":1,"monsterplus:crystal_clump":4,"minecraft:rotten_flesh":37,"croptopia:persimmon":4,"biomesoplenty:redwood_fence":4,"jet_and_elias_armors:knight_m_white_chestplate":1,"tropicraft:palm_log":2,"croptopia:garlic_seed":1,"minecraft:obsidian":2,"minecraft:iron_bars":3,"cataclysm:stone_pillar":1,"minecraft:cobblestone":576,"biomesoplenty:lavender":159,"vampirism:vampire_book":2,"minecraft:feather":3,"minecraft:cooked_beef":4,"minecraft:lilac":1,"croptopia:nectarine":13,"minecraft:andesite":77,"minecraft:brown_wool":1,"minecraft:potato":6,"evilcraft:flesh_humanoid":6,"minecraft:lapis_lazuli":68,"minecraft:dirt":384,"minecraft:bone":13,"minecraft:wheat_seeds":88,"minecraft:raw_gold":38,"minecraft:glowstone_dust":1,"croptopia:roe":13,"minecraft:oak_planks":6,"biomesoplenty:toadstool":3,"spore:cerebrum":9,"minecraft:cooked_porkchop":2,"spore:armor_fragment":17,"minecraft:sand":28,"sophisticatedbackpacks:iron_backpack":1,"minecraft:spectral_arrow":3,"cataclysm:stone_tiles":4,"croptopia:cherry":17,"spore:claw_fragment":11,"minecraft:polished_andesite":1,"minecraft:diamond":7,"minecraft:deepslate":2,"minecraft:granite":38,"jet_and_elias_armors:knight_m_pink_leggings":2,"minecraft:chainmail_helmet":1,"iceandfire:gorgon_head":1,"spore:spine_fragment":3,"biomesoplenty:pink_daffodil":5,"minecraft:oak_sapling":18,"minecraft:netherrack":1,"iceandfire:raw_silver":15,"sophisticatedbackpacks:gold_backpack":2,"minecraft:crafting_table":14,"minecraft:chicken":2,"croptopia:peach":14,"cataclysm:stone_tile_stairs":1,"vampirism:heart_striker_enhanced":1,"minecraft:gold_block":4,"biomesoplenty:jacaranda_sapling":13,"minecraft:iron_axe":1,"minecraft:cracked_stone_bricks":1,"minecraft:beef":32,"minecraft:oak_boat":7,"minecraft:iron_nugget":5,"minecraft:sugar_cane":49,"minecraft:chest":10,"minecraft:egg":6,"minecraft:raw_iron":95,"minecraft:stone":1,"spore:wing_membrane":4,"minecraft:redstone":28,"biomesoplenty:redwood_planks":7,"iceandfire:silver_ingot":4,"minecraft:arrow":13,"biomesoplenty:jacaranda_log":40,"jet_and_elias_armors:heavy_knight_armor_leggings":1,"biomesoplenty:redwood_sapling":10,"jet_and_elias_armors:sentinel_set_helmet":2,"spore:tendons":6,"minecraft:glow_berries":2,"minecraft:mutton":34,"minecraft:skeleton_skull":6,"minecraft:white_wool":29,"iceandfire:silver_axe":1,"spore:altered_spleen":1,"minecraft:clock":1,"vampirism:vampire_blood_bottle":1,"minecraft:glow_ink_sac":3,"spore:rooted_biomass":2,"minecraft:salmon":17,"minecraft:leather":12,"iceandfire:silver_shovel":2,"croptopia:glowing_calamari":1,"minecraft:filled_map":1,"minecraft:oak_log":74,"biomesoplenty:jacaranda_planks":11,"minecraft:cobblestone_wall":5,"minecraft:cobblestone_stairs":3,"jet_and_elias_armors:brute_armor_chestplate":1,"minecraft:paper":8,"croptopia:garlic":1,"jet_and_elias_armors:knight_m_pink_boots":1,"minecraft:apple":34,"minecraft:stone_bricks":18,"minecraft:kelp":61,"minecraft:stone_pickaxe":2,"spore:mutated_fiber":89,"spore:spine":2,"minecraft:iron_sword":4,"croptopia:apricot":12,"croptopia:starfruit":17,"minecraft:stone_brick_slab":2,"minecraft:white_bed":7,"iceandfire:silver_pickaxe":1,"croptopia:lemon":3,"monsterplus:crystal_shard":8,"iceandfire:silver_sword":2,"croptopia:orange":2,"evilcraft:dark_gem":14,"minecraft:black_wool":1,"minecraft:coal":180},"minecraft:broken":{"iceandfire:silver_pickaxe":1,"minecraft:iron_pickaxe":1},"minecraft:crafted":{"minecraft:oak_planks":114,"jet_and_elias_armors:knight_m_white_chestplate":2,"minecraft:cooked_chicken":2,"iceandfire:silver_shovel":1,"minecraft:cooked_mutton":36,"spore:fleshy_bone":1,"spore:fleshy_claw":1,"minecraft:chest":5,"iceandfire:silver_axe":2,"sophisticatedbackpacks:backpack":1,"biomesoplenty:jacaranda_planks":96,"minecraft:cooked_porkchop":10,"minecraft:crafting_table":7,"minecraft:iron_helmet":1,"minecraft:wooden_pickaxe":1,"jet_and_elias_armors:knight_f_white_helmet":1,"biomesoplenty:redwood_boat":1,"minecraft:iron_chestplate":1,"minecraft:shield":1,"minecraft:stick":10,"minecraft:iron_ingot":73,"minecraft:iron_pickaxe":2,"minecraft:gold_ingot":38,"jet_and_elias_armors:knight_m_pink_leggings":2,"iceandfire:silver_sword":1,"comforts:sleeping_bag_white":2,"minecraft:furnace":6,"minecraft:stone_pickaxe":1,"sophisticatedbackpacks:iron_backpack":1,"minecraft:cooked_beef":30,"iceandfire:silver_ingot":16,"biomesoplenty:redwood_planks":104,"biomesoplenty:redwood_fence":6,"biomesoplenty:redwood_fence_gate":1,"minecraft:iron_sword":1,"minecraft:cooked_salmon":7,"sophisticatedbackpacks:gold_backpack":1,"jet_and_elias_armors:knight_m_pink_boots":1,"minecraft:air":0,"minecraft:oak_boat":3,"iceandfire:armor_silver_metal_helmet":1,"minecraft:white_wool":4,"minecraft:wooden_axe":1,"minecraft:iron_leggings":2,"minecraft:white_bed":5,"minecraft:torch":16,"iceandfire:silver_pickaxe":2}},"DataVersion":3465}