{"stats":{"minecraft:broken":{"minecraft:iron_pickaxe":1},"minecraft:dropped":{"minecraft:iron_sword":3,"spore:spine_fragment":3,"spore:spine":2,"minecraft:oak_log":3,"minecraft:leather":2,"minecraft:dirt":8,"spore:innards":1,"minecraft:white_wool":2,"minecraft:gold_ingot":22,"minecraft:bone":2,"minecraft:iron_nugget":5,"minecraft:cobbled_deepslate":1,"minecraft:birch_sapling":3,"minecraft:rotten_flesh":9,"minecraft:oak_planks":2,"minecraft:cooked_mutton":9,"minecraft:white_bed":1,"evilcraft:flesh_humanoid":2,"cataclysm:stone_tile_stairs":1,"minecraft:skeleton_skull":1,"minecraft:chest":1,"comforts:sleeping_bag_white":1,"minecraft:arrow":1,"spore:armor_fragment":12,"minecraft:golden_boots":1,"minecraft:iron_ingot":2,"biomesoplenty:jacaranda_sapling":9,"minecraft:wheat_seeds":28,"minecraft:golden_helmet":1,"minecraft:lilac":1,"vampirism:vampire_book":2,"biomesoplenty:lavender":15,"minecraft:cobblestone":20,"spore:tendons":6,"cataclysm:stone_pillar":1,"minecraft:polished_andesite":1,"minecraft:brewing_stand":1,"minecraft:smooth_quartz":1,"minecraft:map":1,"spore:mutated_heart":1,"spore:claw_fragment":9,"minecraft:furnace":3,"minecraft:kelp":52,"minecraft:raw_iron":1,"minecraft:iron_boots":2,"spore:cerebrum":5,"spore:mutated_fiber":55,"vampirism:heart_striker_enhanced":1,"cataclysm:stone_tiles":2,"jet_and_elias_armors:heavy_knight_armor_leggings":1,"minecraft:filled_map":6,"minecraft:iron_chestplate":1,"minecraft:andesite":6,"minecraft:oak_sapling":2,"minecraft:stone_bricks":2,"croptopia:peach":1,"minecraft:stone_pickaxe":2,"spore:wing_membrane":2,"minecraft:black_wool":2},"minecraft:killed_by":{"iceandfire:siren":1,"spore:inf_human":4,"spore:inf_evoker":1,"spore:inf_pillager":2,"spore:spitter":1,"monsterplus:opalescent_eye":1,"spore:inf_player":5,"spore:inf_villager":3,"cataclysm:deepling_brute":1,"minecraft:zombie":1,"vampirism:vampire":1,"spore:leaper":1,"minecraft:player":3,"spore:busser":3,"monsterplus:glow_skeleton":2,"minecraft:skeleton":3,"iceandfire:ghost":2,"iceandfire:troll":1},"minecraft:picked_up":{"minecraft:iron_chestplate":3,"spore:mutated_heart":4,"minecraft:chainmail_boots":1,"minecraft:stone_slab":1,"minecraft:stone_brick_stairs":1,"minecraft:brewing_stand":4,"minecraft:amethyst_block":1,"spore:innards":1,"minecraft:string":29,"minecraft:raw_copper":13,"minecraft:cooked_salmon":6,"biomesoplenty:tall_lavender":4,"minecraft:cobbled_deepslate":15,"comforts:sleeping_bag_white":4,"minecraft:rose_bush":2,"minecraft:smooth_quartz":6,"biomesoplenty:redwood_wood":89,"minecraft:iron_boots":4,"minecraft:furnace":18,"minecraft:stick":18,"minecraft:torch":5,"minecraft:porkchop":19,"vampirism:vampire_fang":1,"minecraft:diorite":50,"minecraft:golden_chestplate":1,"monsterplus:crystal_clump":4,"minecraft:rotten_flesh":28,"jet_and_elias_armors:knight_m_white_chestplate":1,"tropicraft:palm_log":2,"minecraft:obsidian":2,"minecraft:iron_bars":3,"cataclysm:stone_pillar":1,"minecraft:cobblestone":479,"biomesoplenty:lavender":23,"vampirism:vampire_book":2,"minecraft:cooked_beef":4,"minecraft:lilac":1,"croptopia:nectarine":8,"minecraft:andesite":65,"minecraft:brown_wool":1,"minecraft:potato":6,"evilcraft:flesh_humanoid":6,"minecraft:lapis_lazuli":68,"minecraft:dirt":96,"minecraft:bone":10,"minecraft:wheat_seeds":40,"minecraft:raw_gold":38,"minecraft:glowstone_dust":1,"croptopia:roe":13,"minecraft:oak_planks":6,"biomesoplenty:toadstool":3,"spore:cerebrum":9,"minecraft:cooked_porkchop":2,"spore:armor_fragment":14,"minecraft:sand":28,"sophisticatedbackpacks:iron_backpack":1,"minecraft:spectral_arrow":3,"cataclysm:stone_tiles":4,"spore:claw_fragment":9,"minecraft:polished_andesite":1,"minecraft:diamond":7,"minecraft:deepslate":2,"minecraft:granite":30,"jet_and_elias_armors:knight_m_pink_leggings":2,"minecraft:chainmail_helmet":1,"iceandfire:gorgon_head":1,"spore:spine_fragment":3,"biomesoplenty:pink_daffodil":5,"minecraft:oak_sapling":16,"minecraft:netherrack":1,"iceandfire:raw_silver":15,"sophisticatedbackpacks:gold_backpack":1,"minecraft:crafting_table":14,"croptopia:peach":8,"cataclysm:stone_tile_stairs":1,"vampirism:heart_striker_enhanced":1,"minecraft:gold_block":4,"biomesoplenty:jacaranda_sapling":9,"minecraft:iron_axe":1,"minecraft:cracked_stone_bricks":1,"minecraft:beef":31,"minecraft:oak_boat":7,"minecraft:iron_nugget":5,"minecraft:sugar_cane":30,"minecraft:chest":10,"minecraft:egg":1,"minecraft:raw_iron":95,"minecraft:stone":1,"spore:wing_membrane":4,"minecraft:redstone":28,"iceandfire:silver_ingot":4,"minecraft:arrow":9,"biomesoplenty:jacaranda_log":36,"jet_and_elias_armors:heavy_knight_armor_leggings":1,"biomesoplenty:redwood_sapling":10,"jet_and_elias_armors:sentinel_set_helmet":2,"minecraft:glow_berries":1,"spore:tendons":6,"minecraft:mutton":29,"minecraft:skeleton_skull":6,"minecraft:white_wool":23,"iceandfire:silver_axe":1,"minecraft:clock":1,"vampirism:vampire_blood_bottle":1,"minecraft:glow_ink_sac":3,"spore:rooted_biomass":2,"minecraft:salmon":17,"minecraft:leather":10,"iceandfire:silver_shovel":1,"croptopia:glowing_calamari":1,"minecraft:filled_map":1,"minecraft:oak_log":48,"minecraft:cobblestone_wall":5,"minecraft:cobblestone_stairs":3,"jet_and_elias_armors:brute_armor_chestplate":1,"minecraft:paper":8,"jet_and_elias_armors:knight_m_pink_boots":1,"minecraft:apple":33,"minecraft:stone_bricks":18,"minecraft:kelp":61,"minecraft:stone_pickaxe":2,"spore:mutated_fiber":89,"spore:spine":2,"minecraft:iron_sword":4,"minecraft:stone_brick_slab":2,"minecraft:white_bed":5,"iceandfire:silver_pickaxe":1,"iceandfire:silver_sword":2,"monsterplus:crystal_shard":8,"evilcraft:dark_gem":14,"minecraft:black_wool":1,"minecraft:coal":180},"minecraft:custom":{"minecraft:interact_with_crafting_table":91,"minecraft:bell_ring":5,"minecraft:leave_game":8,"minecraft:time_since_death":28058,"minecraft:sprint_one_cm":1191382,"minecraft:damage_blocked_by_shield":780,"minecraft:drop":168,"minecraft:play_time":419129,"minecraft:deaths":38,"minecraft:jump":8288,"minecraft:interact_with_brewingstand":3,"minecraft:walk_on_water_one_cm":110286,"minecraft:interact_with_furnace":203,"minecraft:sleep_in_bed":9,"minecraft:damage_dealt":24298,"minecraft:player_kills":2,"minecraft:crouch_one_cm":54777,"minecraft:mob_kills":134,"minecraft:climb_one_cm":4513,"minecraft:walk_one_cm":568187,"minecraft:sneak_time":23084,"minecraft:walk_under_water_one_cm":94259,"minecraft:boat_one_cm":502772,"minecraft:total_world_time":419129,"minecraft:time_since_rest":28081,"minecraft:damage_taken":16464,"minecraft:trigger_trapped_chest":2,"minecraft:swim_one_cm":373788,"minecraft:fly_one_cm":1712268,"minecraft:open_chest":198,"minecraft:fall_one_cm":252591},"minecraft:used":{"minecraft:chest":8,"minecraft:shield":14,"minecraft:stone":1,"minecraft:iron_sword":179,"minecraft:rotten_flesh":9,"minecraft:iron_chestplate":3,"minecraft:mutton":1,"minecraft:stone_brick_stairs":1,"minecraft:stone_bricks":4,"croptopia:peach":5,"minecraft:oak_sapling":6,"minecraft:furnace":19,"croptopia:roe":10,"minecraft:egg":1,"minecraft:diorite":20,"minecraft:stone_pickaxe":86,"minecraft:oak_planks":4,"minecraft:wooden_pickaxe":3,"minecraft:white_wool":1,"minecraft:glow_berries":9,"jet_and_elias_armors:sentinel_set_helmet":1,"minecraft:sand":28,"iceandfire:silver_axe":331,"iceandfire:silver_pickaxe":342,"croptopia:nectarine":5,"minecraft:bread":5,"minecraft:brown_wool":1,"minecraft:deepslate":1,"minecraft:chainmail_boots":3,"minecraft:andesite":9,"minecraft:oak_boat":9,"minecraft:iron_bars":1,"minecraft:rose_bush":2,"iceandfire:silver_sword":193,"minecraft:cooked_salmon":9,"minecraft:netherrack":1,"minecraft:torch":21,"minecraft:brewing_stand":2,"minecraft:dirt":66,"minecraft:cobblestone_wall":4,"iceandfire:armor_silver_metal_helmet":3,"minecraft:granite":8,"minecraft:stone_brick_slab":1,"minecraft:wooden_axe":63,"minecraft:iron_axe":38,"minecraft:iron_boots":2,"evilcraft:flesh_humanoid":5,"minecraft:beef":2,"comforts:sleeping_bag_white":3,"minecraft:cooked_beef":31,"minecraft:iron_leggings":3,"minecraft:cooked_mutton":21,"minecraft:amethyst_block":1,"minecraft:cobblestone_stairs":3,"minecraft:cracked_stone_bricks":1,"minecraft:salmon":3,"minecraft:crafting_table":16,"minecraft:white_bed":6,"minecraft:apple":22,"biomesoplenty:pink_daffodil":3,"minecraft:iron_pickaxe":465,"minecraft:stone_slab":1,"biomesoplenty:toadstool":3,"minecraft:cobblestone":278,"minecraft:porkchop":16,"minecraft:cooked_porkchop":12,"spore:rooted_biomass":2,"iceandfire:silver_shovel":47},"minecraft:killed":{"vampirism:vampire":1,"vampirism:advanced_vampire":1,"minecraft:spider":3,"spore:leaper":2,"monsterplus:crystal_zombie":4,"minecraft:skeleton":1,"monsterplus:glow_skeleton":1,"minecraft:silverfish":4,"minecraft:pig":4,"spore:inf_player":7,"minecraft:salmon":12,"minecraft:sheep":20,"spore:inf_villager":8,"minecraft:zombie":13,"spore:inf_human":16,"minecraft:cow":13,"minecraft:drowned":1,"spore:inf_pillager":8,"iceandfire:ghost":2,"spore:inf_witch":1,"spore:busser":3},"minecraft:mined":{"minecraft:white_bed":6,"spore:wall_growths":36,"minecraft:cobblestone_stairs":4,"minecraft:brewing_stand":3,"cataclysm:stone_tiles":4,"cataclysm:stone_pillar":1,"minecraft:granite":30,"minecraft:grass_block":18,"spore:fungal_stem":20,"biomesoplenty:flowering_oak_leaves":2,"comforts:sleeping_bag_white":1,"spore:mycelium_veins":1,"minecraft:tall_seagrass":3,"biomesoplenty:tall_lavender":5,"minecraft:iron_ore":39,"minecraft:fire":9,"spore:infested_stone":11,"biomesoplenty:lavender":40,"minecraft:deepslate_lapis_ore":11,"spore:growth_mycelium":20,"tropicraft:palm_log":1,"minecraft:cave_vines":1,"minecraft:iron_bars":2,"minecraft:deepslate_redstone_ore":1,"minecraft:kelp_plant":33,"spore:growths_big":21,"minecraft:torch":2,"minecraft:chest":9,"minecraft:cobblestone":26,"minecraft:sugar_cane":10,"minecraft:oak_planks":6,"minecraft:wall_torch":2,"minecraft:skeleton_skull":5,"evilcraft:dark_ore_deepslate":3,"minecraft:lilac":3,"minecraft:stone_brick_stairs":1,"minecraft:grass":357,"biomesoplenty:clover":12,"minecraft:oak_log":67,"minecraft:dirt":81,"minecraft:sand":30,"minecraft:smooth_quartz":7,"minecraft:netherrack":1,"minecraft:oak_leaves":23,"minecraft:deepslate":16,"biomesoplenty:reed":1,"spore:wall_growths_big":48,"iceandfire:silver_ore":11,"minecraft:deepslate_diamond_ore":7,"biomesoplenty:bush":107,"cataclysm:stone_tile_stairs":1,"iceandfire:deepslate_silver_ore":1,"minecraft:kelp":10,"spore:acid":1,"spore:growths_small":18,"biomesoplenty:dune_grass":9,"biomesoplenty:jacaranda_log":22,"minecraft:redstone_ore":5,"minecraft:furnace":18,"biomesoplenty:toadstool":3,"spore:rotten_log":1,"spore:blomfung":10,"minecraft:andesite":78,"minecraft:gold_block":2,"biomesoplenty:sea_oats":14,"biomesoplenty:high_grass":381,"minecraft:deepslate_iron_ore":14,"minecraft:vine":1,"biomesoplenty:barley":218,"minecraft:stone":427,"minecraft:white_wool":1,"minecraft:podzol":1,"minecraft:stone_brick_slab":1,"minecraft:crafting_table":13,"minecraft:rose_bush":1,"minecraft:stone_slab":1,"biomesoplenty:high_grass_plant":512,"minecraft:tall_grass":67,"minecraft:copper_ore":3,"biomesoplenty:sprout":9,"biomesoplenty:huge_clover_petal":4,"minecraft:deepslate_gold_ore":24,"minecraft:diorite":43,"minecraft:cobblestone_wall":5,"spore:bloomfung2":18,"biomesoplenty:pink_daffodil":5,"spore:fungal_stem_top":5,"minecraft:coal_ore":58,"minecraft:mycelium":2,"evilcraft:blood_stain":1,"minecraft:gravel":1,"minecraft:cobweb":23,"minecraft:cracked_stone_bricks":1,"minecraft:polished_andesite":1,"minecraft:stone_bricks":11,"minecraft:gold_ore":2,"biomesoplenty:redwood_wood":90,"minecraft:infested_stone":2},"minecraft:crafted":{"minecraft:oak_planks":110,"jet_and_elias_armors:knight_m_white_chestplate":2,"iceandfire:silver_shovel":1,"minecraft:cooked_mutton":31,"spore:fleshy_bone":1,"spore:fleshy_claw":1,"minecraft:chest":5,"iceandfire:silver_axe":2,"sophisticatedbackpacks:backpack":1,"biomesoplenty:jacaranda_planks":16,"minecraft:cooked_porkchop":10,"minecraft:crafting_table":6,"minecraft:iron_helmet":1,"minecraft:wooden_pickaxe":1,"jet_and_elias_armors:knight_f_white_helmet":1,"minecraft:iron_chestplate":1,"minecraft:shield":1,"minecraft:stick":10,"minecraft:iron_ingot":73,"minecraft:iron_pickaxe":2,"minecraft:gold_ingot":38,"jet_and_elias_armors:knight_m_pink_leggings":2,"iceandfire:silver_sword":1,"comforts:sleeping_bag_white":2,"minecraft:furnace":6,"minecraft:stone_pickaxe":1,"sophisticatedbackpacks:iron_backpack":1,"minecraft:cooked_beef":30,"iceandfire:silver_ingot":14,"minecraft:iron_sword":1,"minecraft:cooked_salmon":7,"sophisticatedbackpacks:gold_backpack":1,"jet_and_elias_armors:knight_m_pink_boots":1,"minecraft:air":0,"minecraft:oak_boat":3,"iceandfire:armor_silver_metal_helmet":1,"minecraft:white_wool":4,"minecraft:wooden_axe":1,"minecraft:iron_leggings":2,"minecraft:white_bed":4,"minecraft:torch":16,"iceandfire:silver_pickaxe":1}},"DataVersion":3465}