{"stats":{"minecraft:killed_by":{"minecraft:player":1,"spore:inf_evoker":1,"spore:inf_villager":1,"minecraft:skeleton":2,"iceandfire:ghost":2,"vampirism:vampire":1},"minecraft:killed":{"minecraft:skeleton":1,"minecraft:silverfish":1,"minecraft:drowned":1,"minecraft:pig":4,"minecraft:salmon":8,"minecraft:sheep":13,"spore:inf_human":1,"minecraft:zombie":6,"iceandfire:ghost":2,"spore:inf_witch":1,"minecraft:cow":10},"minecraft:custom":{"minecraft:mob_kills":49,"minecraft:interact_with_crafting_table":36,"minecraft:bell_ring":5,"minecraft:leave_game":1,"minecraft:time_since_death":17794,"minecraft:climb_one_cm":1167,"minecraft:sprint_one_cm":447142,"minecraft:walk_one_cm":149253,"minecraft:damage_blocked_by_shield":690,"minecraft:drop":45,"minecraft:play_time":111156,"minecraft:deaths":9,"minecraft:sneak_time":11048,"minecraft:walk_under_water_one_cm":11009,"minecraft:jump":3227,"minecraft:walk_on_water_one_cm":21079,"minecraft:total_world_time":111156,"minecraft:interact_with_furnace":87,"minecraft:time_since_rest":17829,"minecraft:damage_taken":3900,"minecraft:trigger_trapped_chest":2,"minecraft:damage_dealt":6533,"minecraft:swim_one_cm":75509,"minecraft:fly_one_cm":747193,"minecraft:player_kills":2,"minecraft:open_chest":21,"minecraft:crouch_one_cm":24438,"minecraft:fall_one_cm":107814},"minecraft:crafted":{"minecraft:oak_planks":24,"comforts:sleeping_bag_white":1,"minecraft:furnace":6,"minecraft:cooked_mutton":17,"minecraft:stone_pickaxe":1,"minecraft:chest":2,"iceandfire:silver_axe":1,"minecraft:cooked_beef":2,"biomesoplenty:jacaranda_planks":16,"minecraft:cooked_porkchop":5,"minecraft:crafting_table":1,"minecraft:wooden_pickaxe":1,"minecraft:iron_sword":1,"minecraft:air":0,"minecraft:iron_chestplate":1,"minecraft:shield":1,"minecraft:stick":8,"minecraft:iron_pickaxe":2,"minecraft:iron_ingot":26,"minecraft:wooden_axe":1,"minecraft:iron_leggings":1,"minecraft:white_bed":1},"minecraft:dropped":{"minecraft:golden_boots":1,"minecraft:iron_ingot":2,"biomesoplenty:jacaranda_sapling":9,"minecraft:wheat_seeds":9,"biomesoplenty:lavender":13,"minecraft:cobblestone":18,"minecraft:leather":2,"chococraft:gysahl_green_seeds":17,"minecraft:dirt":1,"minecraft:bone":1,"minecraft:furnace":3,"minecraft:iron_nugget":5,"chococraft:chocobo_feather":1,"minecraft:rotten_flesh":3,"minecraft:iron_boots":2,"minecraft:andesite":5,"minecraft:oak_sapling":2,"minecraft:arrow":1,"minecraft:stone_pickaxe":2,"minecraft:black_wool":1},"minecraft:used":{"minecraft:iron_bars":1,"minecraft:chest":4,"minecraft:shield":13,"minecraft:iron_sword":136,"minecraft:rotten_flesh":2,"minecraft:dirt":28,"minecraft:mutton":1,"minecraft:wooden_axe":63,"evilcraft:flesh_humanoid":1,"minecraft:stone_brick_stairs":1,"minecraft:furnace":12,"minecraft:oak_sapling":5,"croptopia:roe":4,"comforts:sleeping_bag_white":1,"minecraft:cooked_beef":6,"minecraft:cooked_mutton":8,"minecraft:diorite":20,"minecraft:stone_pickaxe":86,"minecraft:wooden_pickaxe":3,"minecraft:white_wool":1,"minecraft:crafting_table":9,"minecraft:white_bed":2,"iceandfire:silver_axe":186,"biomesoplenty:pink_daffodil":3,"minecraft:bread":5,"minecraft:brown_wool":1,"minecraft:iron_pickaxe":405,"minecraft:stone_slab":1,"minecraft:cobblestone":147,"minecraft:cooked_porkchop":5,"minecraft:andesite":1,"chococraft:gysahl_green":16},"minecraft:mined":{"minecraft:white_bed":2,"iceandfire:silver_ore":4,"minecraft:brewing_stand":1,"minecraft:granite":10,"biomesoplenty:bush":66,"minecraft:grass_block":11,"biomesoplenty:flowering_oak_leaves":1,"biomesoplenty:jacaranda_log":22,"biomesoplenty:tall_lavender":5,"minecraft:furnace":12,"minecraft:iron_ore":32,"minecraft:fire":1,"biomesoplenty:lavender":21,"minecraft:andesite":15,"minecraft:gold_block":2,"chococraft:gysahl_green":16,"biomesoplenty:high_grass":175,"minecraft:vine":1,"biomesoplenty:barley":193,"minecraft:stone":317,"minecraft:white_wool":1,"minecraft:crafting_table":8,"minecraft:chest":4,"minecraft:stone_slab":1,"biomesoplenty:high_grass_plant":242,"minecraft:tall_grass":28,"minecraft:cobblestone":9,"biomesoplenty:sprout":6,"biomesoplenty:huge_clover_petal":1,"minecraft:sugar_cane":10,"minecraft:diorite":35,"biomesoplenty:pink_daffodil":4,"minecraft:stone_brick_stairs":1,"minecraft:grass":151,"biomesoplenty:clover":8,"minecraft:oak_log":47,"minecraft:coal_ore":50,"minecraft:gravel":1,"minecraft:dirt":27,"biomesoplenty:redwood_wood":90,"minecraft:oak_leaves":11,"biomesoplenty:reed":1},"minecraft:picked_up":{"chococraft:loverly_gysahl_green":6,"minecraft:crafting_table":9,"minecraft:stone_slab":1,"minecraft:gold_block":4,"biomesoplenty:jacaranda_sapling":9,"minecraft:stone_brick_stairs":1,"minecraft:brewing_stand":2,"minecraft:string":1,"minecraft:cooked_salmon":6,"biomesoplenty:tall_lavender":4,"minecraft:beef":25,"minecraft:iron_nugget":5,"biomesoplenty:redwood_wood":89,"minecraft:sugar_cane":30,"minecraft:chest":4,"minecraft:iron_boots":4,"minecraft:furnace":13,"minecraft:raw_iron":32,"minecraft:stick":14,"minecraft:porkchop":3,"minecraft:diorite":50,"minecraft:rotten_flesh":6,"iceandfire:silver_ingot":4,"minecraft:arrow":3,"biomesoplenty:jacaranda_log":36,"biomesoplenty:redwood_sapling":10,"minecraft:obsidian":2,"minecraft:mutton":19,"minecraft:iron_bars":1,"minecraft:white_wool":16,"minecraft:cobblestone":356,"biomesoplenty:lavender":17,"minecraft:clock":1,"minecraft:cooked_beef":4,"minecraft:salmon":13,"minecraft:andesite":6,"minecraft:leather":7,"minecraft:brown_wool":1,"minecraft:potato":6,"minecraft:oak_log":28,"evilcraft:flesh_humanoid":2,"minecraft:dirt":33,"minecraft:bone":1,"chococraft:gysahl_green":44,"minecraft:apple":5,"chococraft:gold_gysahl":1,"minecraft:wheat_seeds":15,"minecraft:stone_pickaxe":2,"spore:mutated_fiber":4,"croptopia:roe":7,"minecraft:cooked_porkchop":2,"chococraft:gysahl_green_seeds":17,"minecraft:white_bed":2,"minecraft:spectral_arrow":1,"minecraft:granite":10,"biomesoplenty:pink_daffodil":4,"minecraft:oak_sapling":6,"minecraft:black_wool":1,"minecraft:coal":139,"iceandfire:raw_silver":6},"minecraft:broken":{"minecraft:iron_pickaxe":1}},"DataVersion":3465}