{"stats":{"minecraft:killed_by":{"iceandfire:ghost":1,"monsterplus:overgrown_skeleton":1},"minecraft:picked_up":{"minecraft:stick":4,"minecraft:oak_log":7,"chococraft:gysahl_green_seeds":5,"minecraft:dirt":17,"minecraft:rotten_flesh":1,"chococraft:gysahl_green":15,"minecraft:wheat_seeds":1,"minecraft:oak_sapling":1,"minecraft:cobblestone":6},"minecraft:dropped":{"minecraft:wheat_seeds":1},"minecraft:crafted":{"minecraft:oak_planks":20,"minecraft:crafting_table":1,"minecraft:wooden_pickaxe":1},"minecraft:custom":{"minecraft:time_since_rest":6582,"minecraft:sprint_one_cm":45230,"minecraft:damage_taken":515,"minecraft:walk_one_cm":16960,"minecraft:mob_kills":1,"minecraft:drop":1,"minecraft:damage_dealt":203,"minecraft:interact_with_crafting_table":1,"minecraft:swim_one_cm":859,"minecraft:fly_one_cm":80753,"minecraft:open_chest":2,"minecraft:crouch_one_cm":3013,"minecraft:play_time":11919,"minecraft:deaths":2,"minecraft:sneak_time":898,"minecraft:walk_under_water_one_cm":247,"minecraft:jump":297,"minecraft:leave_game":2,"minecraft:time_since_death":6557,"minecraft:walk_on_water_one_cm":80,"minecraft:total_world_time":11919,"minecraft:fall_one_cm":10792},"minecraft:used":{"minecraft:wooden_pickaxe":7,"minecraft:crafting_table":1,"chococraft:gysahl_green":5},"minecraft:mined":{"minecraft:grass":14,"biomesoplenty:bush":4,"chococraft:gysahl_green":5,"minecraft:grass_block":3,"minecraft:oak_log":7,"biomesoplenty:high_grass":7,"minecraft:dirt":17,"biomesoplenty:high_grass_plant":18,"minecraft:stone":7,"minecraft:oak_leaves":18},"minecraft:killed":{"minecraft:zombie":1}},"DataVersion":3465}