{"stats":{"minecraft:crafted":{"minecraft:oak_planks":140,"minecraft:cooked_chicken":2,"minecraft:furnace":3,"iceandfire:tide_blue_chestplate":1,"minecraft:cooked_mutton":8,"iceandfire:tide_bronze_helmet":1,"spore:fleshy_bone":2,"minecraft:stone_pickaxe":3,"minecraft:chest":2,"sophisticatedbackpacks:iron_backpack":1,"minecraft:cooked_beef":19,"spore:living_core":1,"sophisticatedbackpacks:backpack":1,"minecraft:cooked_porkchop":10,"minecraft:crafting_table":3,"minecraft:spruce_planks":56,"minecraft:wooden_pickaxe":1,"minecraft:iron_sword":1,"minecraft:bucket":1,"minecraft:stone_axe":2,"minecraft:air":0,"minecraft:stick":4,"minecraft:iron_ingot":40,"minecraft:iron_pickaxe":1,"minecraft:stone_sword":2,"minecraft:white_bed":1,"minecraft:torch":80},"minecraft:picked_up":{"minecraft:iron_chestplate":1,"minecraft:crafting_table":1,"spore:mutated_heart":3,"minecraft:chicken":2,"croptopia:peach":11,"biomesoplenty:jacaranda_sapling":1,"spore:sickle_fragment":1,"iceandfire:sea_serpent_scales_blue":8,"minecraft:string":5,"iceandfire:sea_serpent_scales_bronze":5,"minecraft:cobbled_deepslate":1,"minecraft:spruce_planks":1,"minecraft:beef":19,"minecraft:egg":1,"minecraft:furnace":2,"minecraft:stick":41,"minecraft:raw_iron":40,"spore:wing_membrane":2,"minecraft:torch":14,"minecraft:porkchop":10,"iceandfire:rotten_egg":1,"minecraft:diorite":3,"minecraft:arrow":9,"vampirism:blood_bottle":1,"minecraft:rotten_flesh":1,"biomesoplenty:jacaranda_log":13,"minecraft:mutton":9,"minecraft:white_wool":7,"minecraft:cobblestone":364,"biomesoplenty:lavender":6,"minecraft:feather":1,"iceandfire:sea_serpent_fang":6,"minecraft:glow_ink_sac":2,"minecraft:leather":9,"minecraft:golden_leggings":1,"minecraft:oak_log":101,"evilcraft:flesh_humanoid":1,"minecraft:dirt":26,"minecraft:bone":15,"minecraft:apple":22,"minecraft:bow":1,"minecraft:wheat_seeds":3,"spore:mutated_fiber":20,"minecraft:glowstone_dust":4,"minecraft:oak_planks":13,"spore:cerebrum":2,"spore:armor_fragment":10,"iceandfire:shiny_scales":2,"iceandfire:hippocampus_fin":1,"minecraft:spruce_sapling":34,"minecraft:spruce_log":93,"minecraft:spectral_arrow":2,"biomesoplenty:flowering_oak_sapling":5,"minecraft:diamond":1,"monsterplus:crystal_shard":1,"spore:spine_fragment":2,"minecraft:oak_sapling":30,"minecraft:coal":45,"iceandfire:raw_silver":12},"minecraft:killed":{"vampirism:advanced_vampire":1,"monsterplus:crystal_zombie":2,"minecraft:skeleton":5,"vampirism:blinding_bat":2,"monsterplus:glow_skeleton":1,"minecraft:chicken":2,"iceandfire:hippocampus":1,"minecraft:pig":6,"spore:inf_player":1,"spore:inf_pillager":2,"minecraft:sheep":7,"spore:inf_villager":6,"minecraft:zombie":2,"spore:inf_human":6,"spore:inf_witch":1,"minecraft:glow_squid":1,"spore:busser":1,"iceandfire:sea_serpent":2,"minecraft:cow":9},"minecraft:custom":{"minecraft:mob_kills":59,"minecraft:interact_with_crafting_table":23,"minecraft:damage_dealt_resisted":2,"minecraft:leave_game":9,"minecraft:time_since_death":66319,"minecraft:sprint_one_cm":334920,"minecraft:walk_one_cm":273617,"minecraft:drop":7,"minecraft:play_time":133068,"minecraft:deaths":6,"minecraft:sneak_time":8587,"minecraft:walk_under_water_one_cm":24853,"minecraft:jump":2571,"minecraft:walk_on_water_one_cm":27079,"minecraft:total_world_time":133068,"minecraft:interact_with_furnace":36,"minecraft:sleep_in_bed":3,"minecraft:time_since_rest":66340,"minecraft:damage_taken":4440,"minecraft:damage_dealt":8814,"minecraft:swim_one_cm":97554,"minecraft:fly_one_cm":466961,"minecraft:open_chest":19,"minecraft:crouch_one_cm":32777,"minecraft:fall_one_cm":61838},"minecraft:broken":{"minecraft:stone_sword":1,"minecraft:wooden_pickaxe":1,"minecraft:stone_pickaxe":2,"minecraft:stone_axe":2},"minecraft:killed_by":{"monsterplus:overgrown_skeleton":2,"mutantmonsters:mutant_skeleton":3,"iceandfire:ghost":1},"minecraft:dropped":{"minecraft:wheat_seeds":3,"minecraft:spruce_sapling":1,"minecraft:bone":2,"minecraft:stone_sword":1,"minecraft:rotten_flesh":1},"minecraft:used":{"minecraft:stone_sword":182,"minecraft:spruce_planks":29,"minecraft:chest":1,"minecraft:iron_sword":22,"minecraft:cooked_chicken":2,"minecraft:torch":61,"minecraft:dirt":23,"minecraft:mutton":1,"evilcraft:flesh_humanoid":1,"minecraft:bow":11,"iceandfire:tide_blue_chestplate":1,"minecraft:furnace":5,"minecraft:egg":1,"minecraft:cooked_beef":19,"minecraft:cobbled_deepslate":1,"minecraft:cooked_mutton":6,"minecraft:diorite":1,"minecraft:stone_pickaxe":306,"minecraft:oak_planks":52,"minecraft:wooden_pickaxe":59,"iceandfire:tide_bronze_helmet":2,"minecraft:white_wool":1,"minecraft:crafting_table":4,"minecraft:white_bed":1,"minecraft:spruce_log":2,"minecraft:apple":22,"minecraft:iron_pickaxe":118,"minecraft:spruce_sapling":4,"minecraft:stone_axe":303,"minecraft:cobblestone":254,"minecraft:cooked_porkchop":4,"minecraft:bucket":1},"minecraft:mined":{"minecraft:spruce_planks":1,"iceandfire:silver_ore":12,"minecraft:deepslate_diamond_ore":1,"biomesoplenty:bush":6,"minecraft:grass_block":6,"minecraft:spruce_leaves":23,"biomesoplenty:jacaranda_log":13,"minecraft:furnace":2,"minecraft:iron_ore":35,"biomesoplenty:lavender":8,"croptopia:apple_crop":1,"biomesoplenty:high_grass":7,"minecraft:deepslate_iron_ore":5,"minecraft:stone":355,"minecraft:crafting_table":1,"minecraft:torch":9,"biomesoplenty:high_grass_plant":18,"minecraft:cobblestone":17,"minecraft:oak_planks":1,"minecraft:diorite":3,"minecraft:wall_torch":7,"minecraft:spruce_log":125,"minecraft:grass":22,"minecraft:oak_log":105,"minecraft:coal_ore":46,"minecraft:dirt":23,"minecraft:cobweb":3,"minecraft:oak_leaves":26,"minecraft:deepslate":1}},"DataVersion":3465}