{"stats":{"minecraft:mined":{"minecraft:spruce_planks":1,"iceandfire:silver_ore":5,"minecraft:crafting_table":1,"minecraft:torch":1,"biomesoplenty:bush":6,"minecraft:grass_block":6,"biomesoplenty:high_grass_plant":18,"minecraft:cobblestone":8,"minecraft:spruce_leaves":23,"minecraft:oak_planks":1,"minecraft:wall_torch":3,"biomesoplenty:jacaranda_log":13,"minecraft:furnace":2,"minecraft:iron_ore":3,"biomesoplenty:lavender":8,"minecraft:spruce_log":125,"minecraft:grass":22,"minecraft:oak_log":105,"minecraft:coal_ore":23,"croptopia:apple_crop":1,"biomesoplenty:high_grass":7,"minecraft:dirt":20,"minecraft:stone":149,"minecraft:oak_leaves":26},"minecraft:custom":{"minecraft:interact_with_furnace":25,"minecraft:mob_kills":33,"minecraft:interact_with_crafting_table":12,"minecraft:leave_game":6,"minecraft:time_since_death":12766,"minecraft:sleep_in_bed":3,"minecraft:time_since_rest":12787,"minecraft:sprint_one_cm":254700,"minecraft:damage_taken":2541,"minecraft:walk_one_cm":147089,"minecraft:drop":4,"minecraft:damage_dealt":4463,"minecraft:swim_one_cm":58574,"minecraft:fly_one_cm":387492,"minecraft:open_chest":14,"minecraft:crouch_one_cm":17466,"minecraft:play_time":79515,"minecraft:deaths":6,"minecraft:sneak_time":4759,"minecraft:walk_under_water_one_cm":9814,"minecraft:jump":1868,"minecraft:walk_on_water_one_cm":11797,"minecraft:total_world_time":79515,"minecraft:fall_one_cm":48491},"minecraft:used":{"minecraft:cooked_mutton":6,"minecraft:stone_sword":109,"minecraft:stone_pickaxe":131,"minecraft:oak_planks":52,"minecraft:chest":1,"minecraft:spruce_planks":23,"minecraft:wooden_pickaxe":59,"iceandfire:tide_bronze_helmet":2,"minecraft:cooked_chicken":2,"minecraft:white_wool":1,"minecraft:torch":13,"minecraft:dirt":23,"minecraft:mutton":1,"minecraft:crafting_table":2,"minecraft:white_bed":1,"minecraft:spruce_log":2,"minecraft:apple":5,"minecraft:spruce_sapling":4,"evilcraft:flesh_humanoid":1,"minecraft:stone_axe":303,"minecraft:cobblestone":37,"minecraft:bow":3,"iceandfire:tide_blue_chestplate":1,"minecraft:furnace":4,"minecraft:cooked_porkchop":3,"minecraft:bucket":1,"minecraft:egg":1,"minecraft:cooked_beef":5},"minecraft:killed_by":{"monsterplus:overgrown_skeleton":2,"mutantmonsters:mutant_skeleton":3,"iceandfire:ghost":1},"minecraft:picked_up":{"biomesoplenty:lavender":6,"minecraft:crafting_table":1,"spore:mutated_heart":1,"minecraft:feather":1,"iceandfire:sea_serpent_fang":6,"minecraft:chicken":2,"croptopia:peach":11,"minecraft:glow_ink_sac":1,"minecraft:leather":9,"biomesoplenty:jacaranda_sapling":1,"minecraft:oak_log":101,"evilcraft:flesh_humanoid":1,"iceandfire:sea_serpent_scales_blue":8,"minecraft:dirt":23,"minecraft:string":2,"minecraft:bone":3,"minecraft:apple":22,"iceandfire:sea_serpent_scales_bronze":5,"minecraft:bow":1,"minecraft:wheat_seeds":3,"minecraft:spruce_planks":1,"minecraft:beef":19,"spore:mutated_fiber":2,"minecraft:oak_planks":13,"minecraft:egg":1,"minecraft:furnace":2,"minecraft:stick":41,"minecraft:raw_iron":3,"spore:wing_membrane":2,"spore:armor_fragment":1,"minecraft:torch":3,"iceandfire:hippocampus_fin":1,"iceandfire:shiny_scales":2,"minecraft:porkchop":10,"iceandfire:rotten_egg":1,"minecraft:spruce_sapling":33,"minecraft:spruce_log":93,"minecraft:spectral_arrow":1,"biomesoplenty:flowering_oak_sapling":5,"minecraft:arrow":3,"minecraft:rotten_flesh":1,"biomesoplenty:jacaranda_log":13,"minecraft:oak_sapling":30,"minecraft:mutton":9,"minecraft:coal":23,"minecraft:white_wool":7,"iceandfire:raw_silver":5,"minecraft:cobblestone":154},"minecraft:killed":{"iceandfire:hippocampus":1,"minecraft:pig":6,"minecraft:skeleton":2,"spore:inf_villager":1,"minecraft:sheep":7,"minecraft:zombie":1,"minecraft:chicken":2,"spore:busser":1,"iceandfire:sea_serpent":2,"minecraft:cow":9},"minecraft:crafted":{"minecraft:cooked_beef":19,"minecraft:oak_planks":140,"minecraft:cooked_porkchop":10,"minecraft:crafting_table":1,"minecraft:spruce_planks":56,"minecraft:wooden_pickaxe":1,"minecraft:cooked_chicken":2,"minecraft:furnace":2,"minecraft:bucket":1,"minecraft:stone_axe":2,"iceandfire:tide_blue_chestplate":1,"minecraft:cooked_mutton":8,"minecraft:air":0,"iceandfire:tide_bronze_helmet":1,"minecraft:stick":4,"minecraft:iron_ingot":3,"minecraft:stone_pickaxe":1,"minecraft:stone_sword":1,"minecraft:chest":1,"minecraft:white_bed":1,"minecraft:torch":44},"minecraft:broken":{"minecraft:stone_axe":2,"minecraft:wooden_pickaxe":1,"minecraft:stone_pickaxe":1},"minecraft:dropped":{"minecraft:wheat_seeds":3,"minecraft:rotten_flesh":1}},"DataVersion":3465}