{"stats":{"minecraft:killed":{"creeperoverhaul:hills_creeper":1,"supernatural:mer_amethyst":1,"creeperoverhaul:desert_creeper":1,"cataclysm:lionfish":1,"fromtheshadows:bulldrogioth":1,"creeperoverhaul:bamboo_creeper":1},"minecraft:picked_up":{"minecraft:iron_chestplate":1,"minecraft:salmon":1,"minecraft:gunpowder":4,"minecraft:dirt":4,"immersive_aircraft:biplane":1,"cataclysm:lionfish":1,"minecraft:cactus":1,"minecraft:kelp":2,"fromtheshadows:crimson_shell":2,"minecraft:cod":1},"minecraft:mined":{"minecraft:grass_block":1,"minecraft:dirt":3},"minecraft:custom":{"minecraft:time_since_rest":24884,"minecraft:sprint_one_cm":823,"minecraft:interact_with_furnace":10,"minecraft:damage_taken":10,"minecraft:walk_one_cm":17574,"minecraft:mob_kills":6,"minecraft:drop":8,"minecraft:damage_dealt":2649,"minecraft:fly_one_cm":52632,"minecraft:crouch_one_cm":344,"minecraft:play_time":24884,"minecraft:sneak_time":161,"minecraft:walk_under_water_one_cm":1071,"minecraft:jump":96,"minecraft:leave_game":1,"minecraft:walk_on_water_one_cm":436,"minecraft:time_since_death":24884,"minecraft:total_world_time":24884,"minecraft:fall_one_cm":753},"minecraft:dropped":{"jet_and_elias_armors:the_dames_armor_leggings":1,"mca:book_romance":1,"jet_and_elias_armors:highlander_set_helmet":1,"cfm:birch_coffee_table":1,"jet_and_elias_armors:red_corinthos_helmet":1,"jet_and_elias_armors:heavy_knight_armor_chestplate":1,"immersive_aircraft:biplane":1,"vanillaplustools:gold_hammer":1},"minecraft:used":{"dramaticdoors:tall_dark_oak_door":1,"minecraft:flint_and_steel":2,"dramaticdoors:short_twilight_mangrove_door":1,"mcwbridges:spruce_log_bridge_middle":12,"ironfurnaces:crystal_furnace":2,"fromtheshadows:bulldrogioth_spawn_egg":1,"jet_and_elias_armors:heavy_knight_armor_chestplate":1,"creeperoverhaul:desert_creeper_spawn_egg":1,"jet_and_elias_armors:samurai_set_helmet":1,"cataclysm:lionfish_spawn_egg":2,"jet_and_elias_armors:highlander_set_helmet":2,"creeperoverhaul:bamboo_creeper_spawn_egg":1,"jet_and_elias_armors:the_dames_armor_leggings":1,"supernatural:spooky_spawn_egg":3,"supernatural:mer_amethyst_spawn_egg":1,"minecraft:dirt":1,"dramaticdoors:tall_bop_umbran_door":1,"creeperoverhaul:hills_creeper_spawn_egg":1,"chococraft:flame_chocobo_spawn_egg":1,"mcwbridges:birch_rope_bridge_stair":1,"immersive_aircraft:biplane":2,"jet_and_elias_armors:the_dames_armor_helmet":1,"chococraft:red_chocobo_spawn_egg":1,"ironfurnaces:million_furnace":1,"tropicraft:gray_umbrella":3,"jet_and_elias_armors:the_dames_armor_chestplate":1}},"DataVersion":3465}