{
  "cyanwarriorswordsredux:recipes/craft_earth_essence": {
    "criteria": {
      "has_item": "2024-05-22 19:58:16 +0000"
    },
    "done": true
  },
  "mutantmonsters:root": {
    "criteria": {
      "killed_something": "2024-05-22 20:02:19 +0000"
    },
    "done": true
  },
  "cfm:recipes/decorations/oak_coffee_table": {
    "criteria": {
      "has_log": "2024-05-22 20:04:18 +0000"
    },
    "done": true
  },
  "cyanwarriorswordsredux:recipes/upgrade_sword_fire": {
    "criteria": {
      "has_item": "2024-05-22 19:58:16 +0000"
    },
    "done": true
  },
  "minecraft:recipes/food/cooked_cod_from_smoking": {
    "criteria": {
      "has_cod": "2024-05-22 20:05:09 +0000"
    },
    "done": true
  },
  "biomesoplenty:recipes/transportation/willow_boat": {
    "criteria": {
      "in_water": "2024-05-22 20:08:42 +0000"
    },
    "done": true
  },
  "mcwtrpdoors:recipes/oak/oak_swamp_trapdoor": {
    "criteria": {
      "has_logs": "2024-05-22 20:04:18 +0000"
    },
    "done": true
  },
  "mcwtrpdoors:recipes/oak/oak_paper_trapdoor": {
    "criteria": {
      "has_logs": "2024-05-22 20:04:18 +0000"
    },
    "done": true
  },
  "minecraft:recipes/decorations/crafting_table": {
    "criteria": {
      "unlock_right_away": "2024-05-22 19:58:14 +0000"
    },
    "done": true
  },
  "minecraft:recipes/decorations/chest": {
    "criteria": {
      "has_lots_of_items": "2024-05-22 20:02:46 +0000"
    },
    "done": true
  },
  "minecraft:recipes/transportation/cherry_boat": {
    "criteria": {
      "in_water": "2024-05-22 20:08:42 +0000"
    },
    "done": true
  },
  "cfm:recipes/decorations/oak_crate": {
    "criteria": {
      "has_log": "2024-05-22 20:04:18 +0000"
    },
    "done": true
  },
  "cfm:recipes/decorations/oak_desk_cabinet": {
    "criteria": {
      "has_log": "2024-05-22 20:04:18 +0000"
    },
    "done": true
  },
  "biomesoplenty:recipes/transportation/umbran_boat": {
    "criteria": {
      "in_water": "2024-05-22 20:08:42 +0000"
    },
    "done": true
  },
  "minecraft:recipes/transportation/bamboo_raft": {
    "criteria": {
      "in_water": "2024-05-22 20:08:42 +0000"
    },
    "done": true
  },
  "minecraft:recipes/food/cooked_cod_from_grill_cooking": {
    "criteria": {
      "has_cod": "2024-05-22 20:05:09 +0000"
    },
    "done": true
  },
  "biomesoplenty:recipes/transportation/dead_boat": {
    "criteria": {
      "in_water": "2024-05-22 20:08:42 +0000"
    },
    "done": true
  },
  "cfm:recipes/decorations/stripped_oak_kitchen_drawer": {
    "criteria": {
      "has_log": "2024-05-22 20:04:18 +0000"
    },
    "done": true
  },
  "biomesoplenty:recipes/transportation/magic_boat": {
    "criteria": {
      "in_water": "2024-05-22 20:08:42 +0000"
    },
    "done": true
  },
  "cyanwarriorswordsredux:recipes/upgrade_sword_beast": {
    "criteria": {
      "has_item": "2024-05-22 19:58:16 +0000"
    },
    "done": true
  },
  "mcwtrpdoors:recipes/oak/oak_glass_trapdoor": {
    "criteria": {
      "has_logs": "2024-05-22 20:04:18 +0000"
    },
    "done": true
  },
  "cyanwarriorswordsredux:recipes/upgrade_sword_wind": {
    "criteria": {
      "has_item": "2024-05-22 19:58:16 +0000"
    },
    "done": true
  },
  "mcwtrpdoors:recipes/oak/oak_mystic_trapdoor": {
    "criteria": {
      "has_logs": "2024-05-22 20:04:18 +0000"
    },
    "done": true
  },
  "iceandfire:iceandfire/root": {
    "criteria": {
      "tick": "2024-05-22 19:58:14 +0000"
    },
    "done": true
  },
  "cyanwarriorswordsredux:recipes/upgrade_sword_light": {
    "criteria": {
      "has_item": "2024-05-22 19:58:16 +0000"
    },
    "done": true
  },
  "minecraft:recipes/food/dried_kelp_from_smoking": {
    "criteria": {
      "has_kelp": "2024-05-22 20:05:31 +0000"
    },
    "done": true
  },
  "cfm:recipes/decorations/oak_upgraded_fence": {
    "criteria": {
      "has_log": "2024-05-22 20:04:18 +0000"
    },
    "done": true
  },
  "cyanwarriorswordsredux:recipes/craft_thunder_essence": {
    "criteria": {
      "has_item": "2024-05-22 19:58:16 +0000"
    },
    "done": true
  },
  "cyanwarriorswordsredux:recipes/craft_beast_essence": {
    "criteria": {
      "has_item": "2024-05-22 19:58:16 +0000"
    },
    "done": true
  },
  "mcwtrpdoors:recipes/oak/oak_beach_trapdoor": {
    "criteria": {
      "has_logs": "2024-05-22 20:04:18 +0000"
    },
    "done": true
  },
  "dungeons_arise:wda_root": {
    "criteria": {
      "WDA": "2024-05-22 19:58:14 +0000"
    },
    "done": true
  },
  "cyanwarriorswordsredux:cyanwarriorswords/root": {
    "criteria": {
      "crafting_table": "2024-05-22 20:02:52 +0000"
    },
    "done": true
  },
  "minecraft:recipes/misc/charcoal": {
    "criteria": {
      "has_log": "2024-05-22 20:04:18 +0000"
    },
    "done": true
  },
  "minecraft:recipes/food/cooked_salmon_from_campfire_cooking": {
    "criteria": {
      "has_salmon": "2024-05-22 20:05:33 +0000"
    },
    "done": true
  },
  "cfm:recipes/decorations/oak_upgraded_gate": {
    "criteria": {
      "has_log": "2024-05-22 20:04:18 +0000"
    },
    "done": true
  },
  "cyanwarriorswordsredux:recipes/craft_water_essence": {
    "criteria": {
      "has_item": "2024-05-22 19:58:16 +0000"
    },
    "done": true
  },
  "cfm:recipes/decorations/oak_desk": {
    "criteria": {
      "has_log": "2024-05-22 20:04:18 +0000"
    },
    "done": true
  },
  "cfm:recipes/decorations/oak_blinds": {
    "criteria": {
      "has_log": "2024-05-22 20:04:18 +0000"
    },
    "done": true
  },
  "cyanwarriorswordsredux:recipes/craft_dark_essence": {
    "criteria": {
      "has_item": "2024-05-22 19:58:16 +0000"
    },
    "done": true
  },
  "biomesoplenty:biomesoplenty/root": {
    "criteria": {
      "mediterranean_forest": "2024-05-22 19:58:16 +0000"
    },
    "done": true
  },
  "cyanwarriorswordsredux:recipes/craft_mixed_essence": {
    "criteria": {
      "has_item": "2024-05-22 19:58:16 +0000"
    },
    "done": true
  },
  "minecraft:recipes/food/dried_kelp_from_grill_cooking": {
    "criteria": {
      "has_kelp": "2024-05-22 20:05:31 +0000"
    },
    "done": true
  },
  "minecraft:recipes/transportation/acacia_boat": {
    "criteria": {
      "in_water": "2024-05-22 20:08:42 +0000"
    },
    "done": true
  },
  "minecraft:adventure/root": {
    "criteria": {
      "killed_something": "2024-05-22 20:02:19 +0000"
    },
    "done": true
  },
  "mca:root": {
    "criteria": {
      "village_taiga": "2024-05-22 19:58:16 +0000",
      "village_savanna": "2024-05-22 19:58:16 +0000",
      "village_snowy": "2024-05-22 19:58:16 +0000",
      "village_desert": "2024-05-22 19:58:16 +0000",
      "village_plains": "2024-05-22 19:58:16 +0000"
    },
    "done": true
  },
  "cfm:recipes/decorations/oak_table": {
    "criteria": {
      "has_log": "2024-05-22 20:04:18 +0000"
    },
    "done": true
  },
  "mcwtrpdoors:recipes/oak/oak_cottage_trapdoor": {
    "criteria": {
      "has_logs": "2024-05-22 20:04:18 +0000"
    },
    "done": true
  },
  "minecraft:recipes/food/cooked_salmon_from_grill_cooking": {
    "criteria": {
      "has_salmon": "2024-05-22 20:05:33 +0000"
    },
    "done": true
  },
  "minecraft:recipes/building_blocks/oak_planks": {
    "criteria": {
      "has_logs": "2024-05-22 20:04:18 +0000"
    },
    "done": true
  },
  "cyanwarriorswordsredux:recipes/upgrade_sword_earth": {
    "criteria": {
      "has_item": "2024-05-22 19:58:16 +0000"
    },
    "done": true
  },
  "cyanwarriorswordsredux:recipes/craft_meteothu_meteo": {
    "criteria": {
      "has_item": "2024-05-22 19:58:16 +0000"
    },
    "done": true
  },
  "cyanwarriorswordsredux:cyanwarriorswords/mix_enough": {
    "criteria": {
      "atlantis_sword": "2024-05-22 20:02:53 +0000"
    },
    "done": true
  },
  "cyanwarriorswordsredux:recipes/craft_triender_thunder": {
    "criteria": {
      "has_item": "2024-05-22 19:58:16 +0000"
    },
    "done": true
  },
  "mcwtrpdoors:recipes/oak/oak_barn_trapdoor": {
    "criteria": {
      "has_logs": "2024-05-22 20:04:18 +0000"
    },
    "done": true
  },
  "minecraft:recipes/misc/firework_rocket_simple": {
    "criteria": {
      "has_gunpowder": "2024-05-22 20:02:20 +0000"
    },
    "done": true
  },
  "securitycraft:recipes/misc/sc_manual": {
    "criteria": {
      "has_wood": "2024-05-22 20:04:18 +0000"
    },
    "done": true
  },
  "mcwtrpdoors:recipes/oak/oak_barred_trapdoor": {
    "criteria": {
      "has_logs": "2024-05-22 20:04:18 +0000"
    },
    "done": true
  },
  "cyanwarriorswordsredux:recipes/upgrade_sword_thunder": {
    "criteria": {
      "has_item": "2024-05-22 19:58:16 +0000"
    },
    "done": true
  },
  "minecraft:recipes/building_blocks/oak_wood": {
    "criteria": {
      "has_log": "2024-05-22 20:04:18 +0000"
    },
    "done": true
  },
  "cfm:recipes/decorations/stripped_oak_desk": {
    "criteria": {
      "has_planks": "2024-05-22 20:04:18 +0000"
    },
    "done": true
  },
  "minecraft:recipes/transportation/jungle_boat": {
    "criteria": {
      "in_water": "2024-05-22 20:08:42 +0000"
    },
    "done": true
  },
  "cfm:recipes/decorations/stripped_oak_crate": {
    "criteria": {
      "has_planks": "2024-05-22 20:04:18 +0000"
    },
    "done": true
  },
  "cyanwarriorswordsredux:recipes/craft_fire_essence": {
    "criteria": {
      "has_item": "2024-05-22 19:58:16 +0000"
    },
    "done": true
  },
  "twilightforest:recipes/transportation/twilight_oak_boat": {
    "criteria": {
      "in_water": "2024-05-22 20:08:42 +0000"
    },
    "done": true
  },
  "cfm:recipes/decorations/oak_kitchen_counter": {
    "criteria": {
      "has_log": "2024-05-22 20:04:18 +0000"
    },
    "done": true
  },
  "twilightforest:recipes/transportation/time_boat": {
    "criteria": {
      "in_water": "2024-05-22 20:08:42 +0000"
    },
    "done": true
  },
  "cfm:recipes/decorations/stripped_oak_kitchen_counter": {
    "criteria": {
      "has_log": "2024-05-22 20:04:18 +0000"
    },
    "done": true
  },
  "twilightforest:recipes/transportation/mining_boat": {
    "criteria": {
      "in_water": "2024-05-22 20:08:42 +0000"
    },
    "done": true
  },
  "minecraft:story/obtain_armor": {
    "criteria": {
      "iron_chestplate": "2024-05-22 20:02:40 +0000"
    },
    "done": true
  },
  "minecraft:recipes/food/dried_kelp_from_smelting": {
    "criteria": {
      "has_kelp": "2024-05-22 20:05:31 +0000"
    },
    "done": true
  },
  "minecraft:recipes/misc/iron_nugget_from_smelting": {
    "criteria": {
      "has_iron_chestplate": "2024-05-22 20:02:40 +0000"
    },
    "done": true
  },
  "cfm:recipes/decorations/stripped_oak_table": {
    "criteria": {
      "has_planks": "2024-05-22 20:04:18 +0000"
    },
    "done": true
  },
  "cfm:recipes/decorations/stripped_oak_desk_cabinet": {
    "criteria": {
      "has_planks": "2024-05-22 20:04:18 +0000"
    },
    "done": true
  },
  "minecraft:recipes/food/dried_kelp_from_campfire_cooking": {
    "criteria": {
      "has_kelp": "2024-05-22 20:05:31 +0000"
    },
    "done": true
  },
  "cyanwarriorswordsredux:recipes/from_abilitytotem": {
    "criteria": {
      "has_item": "2024-05-22 19:58:16 +0000"
    },
    "done": true
  },
  "cfm:recipes/decorations/oak_bedside_cabinet": {
    "criteria": {
      "has_log": "2024-05-22 20:04:18 +0000"
    },
    "done": true
  },
  "cfm:recipes/decorations/stripped_oak_bedside_cabinet": {
    "criteria": {
      "has_planks": "2024-05-22 20:04:18 +0000"
    },
    "done": true
  },
  "cyanwarriorswordsredux:recipes/craft_wind_essence": {
    "criteria": {
      "has_item": "2024-05-22 19:58:16 +0000"
    },
    "done": true
  },
  "minecraft:recipes/food/cooked_salmon": {
    "criteria": {
      "has_salmon": "2024-05-22 20:05:33 +0000"
    },
    "done": true
  },
  "cfm:recipes/decorations/oak_chair": {
    "criteria": {
      "has_log": "2024-05-22 20:04:18 +0000"
    },
    "done": true
  },
  "twilightforest:recipes/transportation/mangrove_boat": {
    "criteria": {
      "in_water": "2024-05-22 20:08:42 +0000"
    },
    "done": true
  },
  "mcwtrpdoors:recipes/oak/oak_tropical_trapdoor": {
    "criteria": {
      "has_logs": "2024-05-22 20:04:18 +0000"
    },
    "done": true
  },
  "cfm:recipes/decorations/stripped_oak_cabinet": {
    "criteria": {
      "has_log": "2024-05-22 20:04:18 +0000"
    },
    "done": true
  },
  "cyanwarriorswordsredux:recipes/craft_triender_fire": {
    "criteria": {
      "has_item": "2024-05-22 19:58:16 +0000"
    },
    "done": true
  },
  "biomesoplenty:recipes/transportation/fir_boat": {
    "criteria": {
      "in_water": "2024-05-22 20:08:42 +0000"
    },
    "done": true
  },
  "twilightforest:recipes/transportation/transformation_boat": {
    "criteria": {
      "in_water": "2024-05-22 20:08:42 +0000"
    },
    "done": true
  },
  "biomesoplenty:biomesoplenty/all_biomes": {
    "criteria": {
      "scrubland": "2024-05-22 20:08:49 +0000",
      "mediterranean_forest": "2024-05-22 19:58:16 +0000"
    },
    "done": false
  },
  "cyanwarriorswordsredux:recipes/smelt_furnace": {
    "criteria": {
      "has_item": "2024-05-22 19:58:16 +0000"
    },
    "done": true
  },
  "minecraft:recipes/misc/green_dye": {
    "criteria": {
      "has_cactus": "2024-05-22 20:02:40 +0000"
    },
    "done": true
  },
  "minecraft:recipes/transportation/spruce_boat": {
    "criteria": {
      "in_water": "2024-05-22 20:08:42 +0000"
    },
    "done": true
  },
  "mcwtrpdoors:recipes/print_classic": {
    "criteria": {
      "has_logs": "2024-05-22 20:04:18 +0000"
    },
    "done": true
  },
  "minecraft:recipes/transportation/birch_boat": {
    "criteria": {
      "in_water": "2024-05-22 20:08:42 +0000"
    },
    "done": true
  },
  "cfm:recipes/decorations/stripped_oak_park_bench": {
    "criteria": {
      "has_log": "2024-05-22 20:04:18 +0000"
    },
    "done": true
  },
  "minecraft:recipes/transportation/oak_boat": {
    "criteria": {
      "in_water": "2024-05-22 20:08:42 +0000"
    },
    "done": true
  },
  "biomesoplenty:recipes/transportation/redwood_boat": {
    "criteria": {
      "in_water": "2024-05-22 20:08:42 +0000"
    },
    "done": true
  },
  "mcwtrpdoors:recipes/oak/oak_four_panel_trapdoor": {
    "criteria": {
      "has_logs": "2024-05-22 20:04:18 +0000"
    },
    "done": true
  },
  "cataclysm:root": {
    "criteria": {
      "custom_test_name": "2024-05-22 19:58:14 +0000"
    },
    "done": true
  },
  "cfm:recipes/decorations/stripped_oak_coffee_table": {
    "criteria": {
      "has_planks": "2024-05-22 20:04:18 +0000"
    },
    "done": true
  },
  "minecraft:recipes/transportation/mangrove_boat": {
    "criteria": {
      "in_water": "2024-05-22 20:08:42 +0000"
    },
    "done": true
  },
  "cyanwarriorswordsredux:recipes/upgrade_sword_dark": {
    "criteria": {
      "has_item": "2024-05-22 19:58:16 +0000"
    },
    "done": true
  },
  "cyanwarriorswordsredux:cyanwarriorswords/left_edge": {
    "criteria": {
      "iron_pickaxe": "2024-05-22 20:02:52 +0000"
    },
    "done": true
  },
  "mcwbridges:recipes/spruce_log_bridge_stair": {
    "criteria": {
      "has_planks": "2024-05-22 20:03:23 +0000"
    },
    "done": true
  },
  "minecraft:recipes/food/cooked_salmon_from_smoking": {
    "criteria": {
      "has_salmon": "2024-05-22 20:05:33 +0000"
    },
    "done": true
  },
  "mcwbridges:recipes/oak_bridge_pier": {
    "criteria": {
      "has_planks": "2024-05-22 20:04:18 +0000"
    },
    "done": true
  },
  "mcwtrpdoors:recipes/acacia/oak_bark_trapdoor": {
    "criteria": {
      "has_logs": "2024-05-22 20:04:18 +0000"
    },
    "done": true
  },
  "biomesoplenty:recipes/transportation/hellbark_boat": {
    "criteria": {
      "in_water": "2024-05-22 20:08:42 +0000"
    },
    "done": true
  },
  "biomesoplenty:recipes/transportation/jacaranda_boat": {
    "criteria": {
      "in_water": "2024-05-22 20:08:42 +0000"
    },
    "done": true
  },
  "twilightforest:recipes/transportation/canopy_boat": {
    "criteria": {
      "in_water": "2024-05-22 20:08:42 +0000"
    },
    "done": true
  },
  "biomesoplenty:recipes/transportation/mahogany_boat": {
    "criteria": {
      "in_water": "2024-05-22 20:08:42 +0000"
    },
    "done": true
  },
  "mcwroofs:recipes/oak": {
    "criteria": {
      "has_planks": "2024-05-22 20:04:18 +0000"
    },
    "done": true
  },
  "twilightforest:recipes/transportation/dark_boat": {
    "criteria": {
      "in_water": "2024-05-22 20:08:42 +0000"
    },
    "done": true
  },
  "cfm:recipes/decorations/oak_park_bench": {
    "criteria": {
      "has_log": "2024-05-22 20:04:18 +0000"
    },
    "done": true
  },
  "biomesoplenty:recipes/transportation/palm_boat": {
    "criteria": {
      "in_water": "2024-05-22 20:08:42 +0000"
    },
    "done": true
  },
  "cyanwarriorswordsredux:recipes/upgrade_sword_water": {
    "criteria": {
      "has_item": "2024-05-22 19:58:16 +0000"
    },
    "done": true
  },
  "mcwtrpdoors:recipes/oak/oak_ranch_trapdoor": {
    "criteria": {
      "has_logs": "2024-05-22 20:04:18 +0000"
    },
    "done": true
  },
  "ironfurnaces:coal": {
    "criteria": {
      "rainbowcoal": "2024-05-22 19:58:16 +0000"
    },
    "done": true
  },
  "cyanwarriorswordsredux:recipes/craft_light_essence": {
    "criteria": {
      "has_item": "2024-05-22 19:58:16 +0000"
    },
    "done": true
  },
  "cyanwarriorswordsredux:recipes/craft_meteothu_thu": {
    "criteria": {
      "has_item": "2024-05-22 19:58:16 +0000"
    },
    "done": true
  },
  "cfm:recipes/decorations/stripped_oak_chair": {
    "criteria": {
      "has_planks": "2024-05-22 20:04:18 +0000"
    },
    "done": true
  },
  "minecraft:recipes/food/cooked_cod_from_campfire_cooking": {
    "criteria": {
      "has_cod": "2024-05-22 20:05:09 +0000"
    },
    "done": true
  },
  "cfm:recipes/decorations/oak_cabinet": {
    "criteria": {
      "has_log": "2024-05-22 20:04:18 +0000"
    },
    "done": true
  },
  "minecraft:recipes/misc/iron_nugget_from_blasting": {
    "criteria": {
      "has_iron_chestplate": "2024-05-22 20:02:40 +0000"
    },
    "done": true
  },
  "cyanwarriorswordsredux:recipes/craft_ender_essence": {
    "criteria": {
      "has_item": "2024-05-22 19:58:16 +0000"
    },
    "done": true
  },
  "cyanwarriorswordsredux:recipes/craft_triender_wind": {
    "criteria": {
      "has_item": "2024-05-22 19:58:16 +0000"
    },
    "done": true
  },
  "minecraft:recipes/food/cooked_cod": {
    "criteria": {
      "has_cod": "2024-05-22 20:05:09 +0000"
    },
    "done": true
  },
  "cfm:recipes/decorations/oak_kitchen_drawer": {
    "criteria": {
      "has_log": "2024-05-22 20:04:18 +0000"
    },
    "done": true
  },
  "twilightforest:recipes/transportation/sorting_boat": {
    "criteria": {
      "in_water": "2024-05-22 20:08:42 +0000"
    },
    "done": true
  },
  "minecraft:recipes/redstone/tnt": {
    "criteria": {
      "has_gunpowder": "2024-05-22 20:02:20 +0000"
    },
    "done": true
  },
  "cyanwarriorswordsredux:recipes/upgrade_sword_ender": {
    "criteria": {
      "has_item": "2024-05-22 19:58:16 +0000"
    },
    "done": true
  },
  "minecraft:recipes/transportation/dark_oak_boat": {
    "criteria": {
      "in_water": "2024-05-22 20:08:42 +0000"
    },
    "done": true
  },
  "cyanwarriorswordsredux:recipes/basic_swords": {
    "criteria": {
      "has_item": "2024-05-22 19:58:16 +0000"
    },
    "done": true
  },
  "DataVersion": 3465
}